frame,killerqueen_N_detectedCorns,emperorcrimson_N_detectedCorns,diavolo_N_detectedCorns,tcangalho,Rcangalhoangle,|||Rcangalhorodrigues|||,reprojectionNormAvg,terr_emperorcrimson_diavolo,terr_emperorcrimson_killerqueen,terr_diavolo_killerqueen,Rerrangle_emperorcrimson_diavolo,Rerrangle_emperorcrimson_killerqueen,Rerrangle_diavolo_killerqueen,Rriguez_emperorcrimson_diavolo,Rriguez_emperorcrimson_killerqueen,Rriguez_diavolo_killerqueen
0,12,24,24,0.176023554942036,7.136363210346754,0.1245530346387413,18.733431739584123,0.6880264947148486,2.173833654645354,1.2700389124472211,6.712755207436514,6.150126096852784,8.546208326750104,0.1171596802501678,0.10733994980291083,0.1491594738631432
1,12,16,24,0.0958300561482041,3.8838413501976032,0.06778581918603173,33.1366647227214,0.692591715223939,2.0454041542206256,1.1003338007458732,5.5345317594411645,5.330664963539076,0.7863273276091142,0.09659580175844767,0.09303765493446034,0.013724000865187151
2,20,20,24,0.2468649556147998,10.018448412287142,0.1748549107356033,30.99909867072257,0.5791738465970327,2.0076745557699778,1.2950096534129238,14.429533052223109,6.891148102458864,8.734664082178655,0.2518428612866437,0.12027322363046486,0.1524486472897032
3,20,12,24,0.3110926750501999,12.642641099302425,0.22065571333078035,37.216826196535145,0.5852780348659411,1.8270871935410828,1.0210245779126508,13.658114419839812,18.657149487098486,5.612659390968721,0.23837906624032176,0.3256286875866398,0.09795938616537933
4,24,12,24,0.27029460091426755,10.977151364794537,0.1915874338054495,36.37436798971248,0.5930630391993764,1.8592206068051866,1.0327138808250997,12.202931264805201,16.305616218512878,4.422906611064934,0.21298132896540992,0.2845866895796369,0.0771942828713016
5,20,12,24,0.30142481400834076,12.247139805676879,0.21375291356111573,35.19114731676512,0.5894849456283671,1.8398067427040865,1.015940201184875,13.028153555072167,18.09741139655612,5.615854465402021,0.22738417499141467,0.31585941495784814,0.09801515073408668
6,24,12,24,0.3083552372680349,12.528448734051373,0.21866268057650795,34.28332732562905,0.5962677010893913,1.8388716928020024,0.9923812142476641,12.071217370291297,18.505971507728457,7.0081573241340624,0.21068248783551569,0.3229901340901187,0.12231541980388941
7,24,12,24,0.26700144994980657,10.841311780071356,0.18921658579748993,31.964047093822444,0.6014474395633256,1.8824267809860136,1.039020389161655,12.029528648620076,15.6174686221218,4.876938069471567,0.2099548823814097,0.2725762482829283,0.08511862672813218
8,24,12,24,0.2516785909033456,10.215832076898048,0.1782999055727189,29.95678899628392,0.6128678438621765,1.9065522003848991,1.0447030896329506,11.010040217908081,14.568706026344662,5.0687499864410865,0.1921614525794911,0.25427188791485317,0.08846637622381238
9,24,12,24,0.2570092373537354,10.434387457497179,0.18211441656212254,29.87107989372862,0.6124777535744758,1.9019698408767474,1.040197959267212,11.825152428161362,15.082620196796949,4.395389747532458,0.20638784442162014,0.263241382261901,0.07671402300284369
10,24,12,24,0.314354959198265,12.782241963975409,0.2230922080579497,30.356100759639812,0.5876034598267705,1.8646787314186655,1.0687704447244077,16.820913132481923,18.358165104543374,3.1676476549000734,0.2935803173537643,0.32041042569900946,0.05528588112107534
11,24,12,24,0.34782455584571487,14.155604581275112,0.24706190755363786,29.086794467027328,0.5830532930939714,1.8494518180357495,1.0848319308198306,19.323992891549633,19.86677291722071,3.276047935054395,0.33726730058952126,0.346740599151539,0.05717782291985279
12,24,12,24,0.3619357953241829,14.740566887307665,0.25727142579396506,27.74398120219592,0.5805974246335956,1.847626882588461,1.103009758075043,21.112726733320155,20.651836130031445,2.457137798570659,0.36848659557026536,0.36044253705137247,0.04288514476025804
13,12,12,24,0.5647104871694876,23.096518515853273,0.40311029384947245,50.4090530586971,1.035174586221153,1.8684755467949676,0.8621095946765992,15.342366458613201,19.603440044550602,34.343749044395715,0.267774809750346,0.34214457349471117,0.5994114983033609
14,24,16,24,0.3565707645816572,14.516057520948214,0.25335299814942774,24.888908608489277,0.5832361976444057,1.850090460106265,1.0698364975040182,19.052683856457417,21.245161957813977,3.250326748572382,0.3325320646367547,0.3707980262832992,0.05672890352822998
15,24,20,24,0.37865910793810714,15.430382177578247,0.26931097383978153,20.679663555544227,0.5812633630110668,1.8326993230711481,1.080232448883105,21.059845619621445,22.760111323855345,2.4711895892565745,0.3675636460241013,0.3972388807217206,0.04313039477352322
16,24,20,24,0.412028167363367,16.808449645453212,0.29336278846882896,17.834546333892643,0.5851757331084784,1.8133748538032535,1.0893230296356724,22.92168713761912,24.81674382100442,2.686917977735468,0.4000589106634888,0.4331338893004861,0.04689556544251161
17,24,16,24,0.4499059862575332,18.37957047536634,0.32078401989747524,17.31384699138746,0.5991639065419573,1.8019545236761902,1.1188557519317264,26.372380907085375,26.03768467527646,2.728645843736503,0.46028487841872945,0.4544433271796448,0.04762385409405134
18,24,16,24,0.41452655890137774,16.909986632829003,0.2951349432110939,13.445758955778517,0.5877931985713625,1.8441265967884402,1.1298265798555012,24.09169174027397,23.76046019301449,2.877807965197666,0.4204793432433043,0.4146982621571502,0.05022722423282651
19,24,16,24,0.3772351772394151,15.36927040758711,0.26824437224172043,12.130403137537975,0.5892615112000122,1.8756131925789252,1.1038313789830483,21.212909115872666,22.081201386707235,2.8137007201804716,0.37023510799829856,0.3853896669939788,0.04910834173288488
20,24,16,20,0.4233085645771073,17.274202446199336,0.301491708342232,15.17870228961437,0.5941519292769353,1.8529914204714795,1.1057334353137278,24.65527020023715,24.333486236865394,2.8338509014948507,0.4303156429629805,0.42469945332202647,0.04946002874169015
21,24,16,16,0.4725556622029882,19.321925729934073,0.3372312218131516,15.000062382799143,0.6049498047214202,1.8105109650129048,1.1067400755815808,27.712527411196014,27.403617705665148,2.849632072940202,0.4836748473745509,0.4782833559216708,0.04973546214323774
22,20,16,12,0.5147230986778455,21.076813240756646,0.36785978687913495,13.876760155831278,0.6214026155789981,1.7782387523421113,1.0989194274105167,29.963054606302226,29.619579261460117,3.6478058545069376,0.5229539568348276,0.516959181167909,0.06366622263466781
23,20,16,12,0.5095073300349205,20.876767286409123,0.3643683263204685,16.18914424130686,0.6319999337392357,1.7675724775294532,1.095087263697169,30.337321150680065,30.25113814166304,2.0418425668834295,0.5294861403142836,0.5279819630476585,0.035636875599469674
24,12,16,12,0.5035341967202782,20.627073689496278,0.36001035093319733,20.975543214646038,0.6350910087120373,1.7599636521777782,1.081450433194964,29.114270116123812,30.757647114544774,2.0093038378193513,0.5081398728413533,0.536822212315339,0.035068967642899504
25,12,20,12,0.5740964877028243,23.57502701949326,0.41146184273677705,21.808919191439887,0.6656026686234457,1.7177511267763157,1.052265048680251,31.39655123957091,35.30024219734607,4.028287621562149,0.5479731929016199,0.6161054530951264,0.07030688221358768
26,12,24,12,0.5758598498575053,23.668312112650188,0.4130899747553944,23.114478899620444,0.6924338067444792,1.7337285108950204,1.0895237814056795,33.12471666345308,35.25947209758266,2.620747576913873,0.5781353695674885,0.6153938806178892,0.0457406740808007
27,12,24,12,0.641956624909722,26.489869604545238,0.4623354430232755,22.441736706445145,0.811968539879146,1.7314550284107373,1.1542416166690335,39.72194793801493,37.26863900320645,2.479021872413704,0.6932787768241335,0.6504604583431295,0.043267093902563655
28,12,16,12,0.7740727465329057,32.15023562399884,0.56112746693075,32.194017706125095,0.878257138941186,1.6556288305245561,1.0083264946675279,42.351820791667514,48.18616185845956,5.9127242218691105,0.7391787170291898,0.8410071783290288,0.10319650543403139
29,16,16,12,0.845002227875848,35.28305264030811,0.6158054387278532,35.48491418488342,1.0117380983974533,1.6519056962704997,0.9958695967707185,46.82526418482437,52.813604474143794,6.2102892619558805,0.817255033141365,0.9217712879198176,0.1083899951223767
30,20,12,12,0.8309901595000019,34.700033680131604,0.6056298382712172,45.89704043413851,1.0523195603889202,1.6453860518928274,1.0189043774572422,47.89605421345803,51.492919055526116,4.711127771410136,0.8359438447385457,0.8987209789818595,0.08222469109324695
31,20,12,12,0.8332873095571522,34.85392470852073,0.6083157434058858,51.02131926049677,1.1294315167536573,1.658657957815256,1.0583104418894138,50.091599948397224,51.348949668730306,3.12122450843414,0.8742633466913532,0.8962082391601955,0.05447564436610912
32,24,12,12,0.8567949410525778,35.87583797787154,0.6261514946258809,53.554249565910894,1.1474504856586154,1.664978273758482,1.0291828308450555,50.186802252135195,53.292110144792005,4.148601536686843,0.8759249403470655,0.930122787362093,0.07240675616848788
33,24,12,12,0.8467621516631594,35.398767659396476,0.6178250468049544,55.16730248387173,1.1283058579501148,1.6717537890456706,1.0160339075630676,48.879684872805626,52.41011576127459,4.906502344108743,0.8531114383677249,0.9147290813856163,0.08563462066152255
34,24,12,16,0.8461135843604356,35.428362235515834,0.6183415695989617,56.220751690231964,1.1774259356281007,1.6780593127232086,1.0915005652550014,51.97035655086204,51.156837376748584,3.157892778936159,0.9070538352479466,0.8928552471315614,0.05511562641737732
35,24,12,24,0.8605979595150165,36.0740681903319,0.629611264510239,53.99757698239998,1.1959934989851417,1.6876912878682333,1.132575637352,53.78730012936579,51.0185416048332,3.4163628367962433,0.9387654830158054,0.8904415305700513,0.059626779944860694
36,24,12,16,0.8598504061877407,36.03186162000518,0.6288746208920676,55.28462287824209,1.1883321391676005,1.6965774248289014,1.151139154152712,53.90251659551977,50.51752195865033,3.6755463058447977,0.9407763897027055,0.8816970881269838,0.06415038484651663
37,24,16,24,0.8309859375954703,34.789420422526916,0.6071899312336454,48.775781381670946,1.1199058699733986,1.7014795122694066,1.0626028451671685,50.36623283801845,51.95483756359711,2.0471908659641143,0.8790565948495106,0.9067829778235985,0.0357302210278215
38,24,16,24,0.8100579144396307,33.86252475402117,0.5910125499957425,49.08075290552781,1.1106051361881344,1.7045697022466986,1.074523657059699,49.33393709353192,50.522312760171374,1.7313244083585118,0.8610396352538943,0.8817807033873345,0.030217311345998872
39,24,16,24,0.8732962502934458,36.69740733722033,0.6404905849800118,50.01620136822783,1.1969185117995347,1.702383178183575,1.0683694680256197,53.50049988453824,54.45695440561582,2.1347677215058525,0.9337598744480395,0.9504531549864277,0.037258725505574485
40,24,12,24,0.8644652105361881,36.33520891900497,0.6341690300366315,59.551972243582895,1.2354360902810857,1.710656164968755,1.1039807281065208,54.21102594729796,53.63088520978415,1.1637155999308946,0.9461608936644277,0.936035527669863,0.020310668775604272
41,24,16,24,0.8910959805543595,37.53038040225617,0.6550287075453161,51.72514771992197,1.2533119356983393,1.7077407226389583,1.0815388936182613,55.18877246933048,55.772212235236665,1.630156502200463,0.9632257897238186,0.9734087346259453,0.028451598286192262
42,24,24,24,0.9308328719356487,39.33489969795479,0.6865235106710342,43.53940180695184,1.2965493218305084,1.693780690805125,1.0768103747495796,57.814124170130455,58.016251735954285,2.1743231877789393,1.0090468209256114,1.0125746124582784,0.03794909862920727
43,20,24,24,0.9176820465960556,38.70084953148277,0.6754572476432728,42.8735088551156,1.2589639925909875,1.6859776604928334,1.0732424905492242,56.65087464565667,56.6973504764404,2.754323472350661,0.9887442867012851,0.9895554429710605,0.0480720132574728
44,24,24,24,0.8413987138616474,35.21596490860588,0.6146345369219522,39.33741461009159,1.082407540394421,1.672441780745048,1.049180375492763,50.39714777217434,52.06145350500826,3.189293448634537,0.8795961622385681,0.9086437770363357,0.05566367149095333
45,24,24,24,0.8455098543949983,35.41189174656985,0.6180541053374431,36.93516805089574,1.0859618272087952,1.6690041385281356,1.0559421757761507,50.954517208798784,52.40026753556895,2.8808904953407795,0.8893240940576498,0.9145571974215732,0.05028102453310696
46,24,24,24,0.8371598368085312,35.07145738498826,0.6121124048409164,35.510690646374535,1.061909723290925,1.65201134833303,1.0844894919139811,51.72839111228022,51.584010183620876,1.9019708590628392,0.9028307416686623,0.9003108190864694,0.03319565376761818
47,20,16,24,0.8269458140645981,34.59637867126683,0.6038207170803399,28.89339202046786,1.0028941417654893,1.6470309653811996,1.0556721405518499,49.720089995263066,51.68124225614445,2.3878037623923154,0.8677792748052328,0.9020078388905433,0.0416750375452436
48,16,16,24,0.7413289824947961,30.80906367212816,0.5377196005352031,30.21848745521704,0.904354142287851,1.6550710578579333,1.0661782107885984,44.4775492480353,45.87443283548848,2.075208932859969,0.7762796775961447,0.8006598954642721,0.036219228545198275
49,12,16,24,0.7466495076899347,31.04721892030346,0.5418761937467674,31.089946190881317,0.8946355514162598,1.6571215696176005,1.0697491985810192,44.835562715063475,46.38699433521128,1.9190997106344323,0.782528191362267,0.8096057812533944,0.033494608624641285
50,12,16,20,0.7166214783020605,29.726692230126314,0.5188286551427116,30.399772288682147,0.848104848224603,1.6611986144098398,1.0700283956325398,42.94964302710414,44.11020909538602,2.1202245678880645,0.7496126833791917,0.769868382457635,0.03700489959130275
51,12,16,20,0.6986053913518782,28.948206819635843,0.5052415215509103,29.437784146601434,0.8330453544980218,1.6654012443218988,1.0907857262627154,42.62593176367972,42.356020932085514,1.8626677631414614,0.7439628560066455,0.7392520233085296,0.03250968533756272
52,12,16,20,0.6809715855579653,28.176284013575625,0.4917689270139294,29.47664838422368,0.8122882678695406,1.6725839899690687,1.1069075142974045,41.78296690945826,40.564133220355735,2.181751910911783,0.7292503438218867,0.7079776829128188,0.038078754307082775
53,16,16,16,0.5665690968463218,23.280432318091897,0.4063201952383899,26.304701622868432,0.7044218053097778,1.705194568810026,1.0914539167153292,34.099139805606136,33.56283422775296,2.1793229209158578,0.5951422617056877,0.5857819635753378,0.03803636043415004
54,16,16,16,0.5088576339101569,20.845472713648846,0.363822132987808,26.97085857171527,0.6671723095345015,1.7323798954859173,1.1026489605162995,30.501926919199978,29.639989895920948,2.3945013258248746,0.5323590529427317,0.5173154139416729,0.0417919320790189
55,12,20,12,0.419263562914338,17.11337797537908,0.298684791808635,31.324479352657885,0.6260676973074474,1.7856571687892273,1.1039685892686573,24.857744637208597,24.539034557511307,1.9433547314164972,0.4338494885392549,0.4282869482892422,0.03391793859741487
56,24,24,12,0.3417948299466398,13.901735191564478,0.24263105083315975,27.486990206815406,0.6071975751503461,1.8609865108357142,1.118625388788028,19.15707619685255,17.85117284077611,4.696956537064341,0.33435405469051094,0.3115617414141318,0.0819773563948357
57,24,24,12,0.23784665978962152,9.655778816577879,0.16852513219360188,28.908654194464688,0.6179992607907566,1.9405757266036583,1.0583787064666264,12.032030467049742,14.218984862907734,2.716321119775129,0.20999854735029125,0.2481681021489754,0.047408747081539936
58,24,24,12,0.2420275427657578,9.828277930012275,0.1715358096797959,29.945334939407676,0.6902724119922207,2.047108022296781,1.0791984984911247,13.129852797252779,14.588070761060726,1.7669102317218182,0.22915916161425046,0.2546098662944238,0.03083840113071449
59,16,16,12,0.30865178114082137,12.55088166522488,0.21905420908635787,28.44445412696751,0.7655577498749108,2.150506696232087,1.1235487760362182,16.21669912900293,18.78042067508161,2.655525191589344,0.28303479360640016,0.3277801756897917,0.04634765796288729
60,24,16,12,0.42196654623848967,17.17937568270437,0.29983666910023904,27.87968053671477,0.6734356826617703,2.233817289821494,1.3681778455406195,9.737945292703442,23.16124213313914,18.638939622270232,0.16995920773676196,0.4042399340749128,0.32531086548904303
61,24,16,12,0.7698473456259434,31.88920553107629,0.5565716323624669,28.353070845986423,1.3569055871274613,2.4293953647609308,0.9741854077181247,47.33698176159363,39.08415763215175,9.246477199483218,0.8261861896963147,0.6821472360495184,0.16138147134156805
62,24,12,12,0.8923621405615235,37.530626574348695,0.6550330040588609,31.748343362221608,1.46235816105332,2.609351346396138,1.1317023924527927,53.35227787004111,56.188522005077736,3.0510798479269607,0.9311729122711252,0.9806747108178924,0.053251389087565014
63,24,12,12,0.9868058506618659,41.876535903683525,0.7308834308488904,33.827641457867536,1.5808896673553532,2.6237629995777785,1.0781633048289951,60.408467273933674,61.64575675569797,3.5753836814183138,1.054326650013386,1.075921425270467,0.06240221726281845
64,24,12,12,1.0028472511017483,42.62641122061043,0.7439712241086999,33.92674818212043,1.6053397694173526,2.6273031484016967,1.072290083565805,61.45960423248956,62.722615063961626,3.697014365379298,1.0726724508295857,1.0947161483271237,0.06452507316939052
65,24,12,12,0.9713285732192647,41.151431782528704,0.7182279765149576,33.64985873607426,1.5921850583787862,2.6190769679392956,1.074721674746658,59.406037200648775,60.490136412257776,3.558121734678931,1.0368309447135566,1.0557520453744083,0.06210093945691229
66,24,12,12,0.9572377424372646,40.48136826365374,0.7065331619130942,35.73055954456431,1.574718969287068,2.6017918290447852,1.0664066387829068,58.14949186813923,59.474628068084435,3.819984854737177,1.014900091460698,1.0380280811871074,0.06667131309147771
67,24,12,12,0.9378173954892337,39.5999441236228,0.6911494085629933,35.70584870796042,1.5834193527086027,2.604162082006646,1.0677996794321902,57.39833433668769,57.99460565734147,3.4068923768383703,1.001789919335716,1.012196817116339,0.05946148923692123
68,24,12,12,0.95927335674254,40.54730346398134,0.7076839482517724,37.9752048182261,1.60041978517096,2.605937591078069,1.0823923870612653,57.55494530218726,59.65761115282224,4.429353936933862,1.0045232963284108,1.0412217384912377,0.07730680993566917
69,24,12,12,0.9493042029038673,40.12405006447902,0.7002967828601959,40.47287940771191,1.611657928376574,2.6037941288467508,1.0741693389507931,57.76688560776786,59.01814185492972,3.587122730738833,1.0082223524784752,1.030060893777597,0.06260710232451555
70,24,12,12,0.9161312734456178,38.123469724347466,0.6653800689742372,52.46525450570644,1.0076949867973453,2.5730659535744205,1.5394923641747031,21.652236308635043,56.9384476066937,35.77972525771347,0.3779028140055459,0.9937633817110902,0.6244740112060759
71,24,16,12,0.8372259809868479,34.7588656505547,0.6066566498605405,58.2706790389002,0.884331144029507,2.5475741015837694,1.6165182137485659,13.564858375281096,51.71938397888113,38.99235459750176,0.23675144121538752,0.902673537534681,0.680544970831554
72,20,12,12,0.8623800594694693,35.98669503793641,0.6280863153230967,62.19460419609023,0.800236225496093,2.536254941874494,1.7045172347514512,8.55983824744202,53.353929702741596,46.04631716362536,0.1493973608560088,0.9312017421904407,0.803659842922839
73,20,12,12,0.8709698620478911,36.50155855437647,0.6370723788833698,68.40340919606658,0.7121546562706144,2.5202216585543864,1.8073085506565867,4.420988568737906,52.48623046255685,52.59745663183432,0.07716080671751387,0.9160575335321628,0.917998796400436
74,24,12,12,0.8738818647961676,36.627664903950254,0.6392733498911031,87.26478098782019,0.8212987311407305,2.495687929425437,1.6558990660332613,4.610911395275804,51.52716355069858,53.74491976587599,0.08047558536529126,0.8993186581733023,0.9380258061347161
75,12,12,12,1.0333646562114027,42.9689985886266,0.7499505016563303,121.9055682209379,1.6961992985131054,2.4964017913009413,0.9195814134733512,42.689458581254065,52.932059381332046,33.28547780329363,0.7450716081366313,0.9238387160653962,0.580941180766963
76,12,12,12,1.0018681792599682,41.539691245573096,0.7250043824971141,132.39898517312108,1.669807367846609,2.4370350891068906,0.9272776188453877,39.96706640726129,48.80360575629392,35.848401573163954,0.697556901169931,0.8517836072925858,0.6256726390288255
77,12,16,16,1.0026958166140167,41.543014858126355,0.7250623904792296,130.47078578559646,1.7068486822734712,2.4267820594757,0.9844984970430638,40.682418479836244,45.76287263235249,38.18375346219026,0.7100421501473291,0.7987128026053556,0.6664322186850034
78,12,16,24,0.7994118221689281,33.269529396672084,0.5806628285609691,65.77986125697143,1.4810696721264398,2.4096761966032183,1.0024540642867812,48.67908900278193,45.58489825955721,5.544600927676835,0.8496103799699085,0.7956065638159059,0.09677154189709276
79,24,24,24,0.7523065370677684,30.996588486291003,0.5409925259715425,127.1927927413208,1.0456155566229945,2.3966339296699286,1.2444916760500049,21.659794534320582,45.860706720966064,25.46926420358613,0.37803472992936793,0.80042032957235,0.44452251841290935
80,12,20,24,0.7824719087104707,32.54920885750546,0.5680908634827679,80.00736740901074,1.4749081510933826,2.385488242207094,1.0275126648987147,46.729521307712076,46.4088257116713,4.509279553132634,0.8155840047004221,0.8099868106528647,0.07870177509501738
81,12,24,24,0.769822273180579,32.01966995015224,0.5588486660320416,86.31503310122196,1.4886473888970362,2.378310824698873,1.0473356583860904,46.84079802430853,45.658933082853416,3.559278743294097,0.8175261497858403,0.7968987152435573,0.06212113306672804
82,12,24,24,0.86216396301286,35.96668220397196,0.6277370254777588,86.16560424045727,1.6282597075916132,2.3979424024712754,0.9510524401131599,52.025144718539245,47.32011271714616,8.554789176230159,0.908010069165049,0.8258917693290405,0.14930923793918668
83,12,24,24,0.8432173538377156,35.2061227007434,0.614462757989089,87.83820698621666,1.6069320121530415,2.414897829487844,0.9930451262780576,51.278134674453945,48.49465535653282,5.845578071243097,0.8949722843502929,0.8463914055914027,0.1020245840255717
84,12,20,24,0.7915000524017879,32.8940368873377,0.574109247956507,87.87492534876759,1.5963469824394105,2.3576502169266758,1.0226403476603865,48.36711196379207,43.73475597794366,6.580242720277062,0.8441653534489126,0.7633154893713889,0.11484690104921715
85,12,20,24,0.7578205748754542,31.442388701223482,0.5487732075282107,81.84249730932994,1.5338198325845718,2.32393839832825,1.0443071512618842,46.39451757602567,42.39158062175841,5.541067905886031,0.8097370865760272,0.7398726569743087,0.09670987903429391
86,12,20,24,0.7678135628264013,31.850269333104748,0.5558920675096538,86.16235854048743,1.5206912533383363,2.2876337865019383,1.0117627988909421,46.14065824307652,42.80119625326541,6.608953502972002,0.8053064053791481,0.7470217984117422,0.11534799873807043
87,12,20,24,0.6996101899320095,28.958345175841743,0.5054184692474489,85.99182713301948,1.389569012512554,2.2644028485295253,1.0548864690304445,42.1562094562472,41.44392102616736,3.274905045110117,0.7357646551718824,0.7233328768431267,0.05715787572733331
88,12,16,24,0.6932200844400495,28.698501136194334,0.500883335213916,78.57294337402108,1.3554421443170523,2.240700739329445,1.0663407691968192,41.941699974578015,41.623379460341766,2.530423973662543,0.732020758440009,0.7264650173899445,0.0441642298117996
89,12,8,24,0.6674364717278753,27.5932993080276,0.4815939244133481,74.49748147034316,1.2888894724917965,2.240636507242228,1.1055387010104574,39.99997830101809,40.7007191814762,2.079200441587703,0.6981313220790538,0.7103615576463708,0.03628889351462546
90,12,12,24,0.6751526042445904,27.880367853388183,0.48660421570880336,64.1653343495707,1.3155612098013763,2.2767520350275543,1.124013868844062,38.18971151108284,41.12577641999266,4.325615629088467,0.6665362062551748,0.7177802059679186,0.07549623490331661
91,12,8,24,0.6641801604930283,27.438721441871632,0.4788960316982193,64.08019676242532,1.340502410158916,2.293792349618479,1.0948259488129166,39.456577814460275,40.11949742563022,2.7400890855237505,0.6886471944316809,0.7002173243226362,0.047823576340336
92,12,8,24,0.6432605312844185,26.543433335390503,0.4632703064861774,59.85083896626631,1.2276595108149408,2.3100850789859413,1.1452458382800454,37.34690002803089,39.689499743889634,2.5939002342500403,0.6518263709023021,0.6927124490003194,0.04527209955590558
93,12,12,24,0.5948827543057196,24.48641408160313,0.4273685477306734,48.3500165487333,1.1903478326176165,2.2805997817736867,1.0957748519686419,35.20833111980702,36.30144745035622,1.9494636746448866,0.6145013021730154,0.6335797812484173,0.034024559770587305
94,12,8,24,0.5975934122984142,24.601538179457588,0.4293778422866201,50.60342899018366,1.148970387172123,2.2923824695943393,1.1186559075017737,34.903387416966474,36.89588429955552,2.0053428218495655,0.609179030525225,0.6439546614621264,0.034999834872508996
95,12,8,20,0.5844077259070415,24.018906119514355,0.41920899451293375,45.38999080454095,1.073955525786192,2.2890263942975313,1.1440889008963018,32.616285357111636,35.95512819435395,3.4853048070767008,0.5692615692516138,0.6275353699681204,0.060830044319066884
96,12,8,20,0.5329774193750642,21.823520739083005,0.38089229127426355,34.788952790554696,0.9662821584959735,2.3016623489784167,1.193861431749902,27.575825708447464,32.23257451932619,5.662161989474836,0.4812889525685071,0.5625645517566706,0.09882336949761289
97,12,16,24,0.45417281827093126,18.56242507148868,0.3239754346522084,39.69829092756395,1.024341614561628,2.297921979634669,1.1058005070771586,26.04891787178299,27.457524945117743,2.180832397564093,0.4546393834442079,0.47922421474077953,0.038062705771637874
98,12,12,24,0.4636900629170419,18.919467561218017,0.33020700166751504,24.46835588404933,0.8992515437095037,2.3346035029618677,1.2506732026999405,22.44817740806657,27.11140922781961,7.198816047767419,0.39179460684257006,0.473183355881026,0.1256430422789486
99,12,16,12,0.40480182811422827,16.478290730829574,0.2876004283538373,30.435565679599705,0.8761594771488063,2.374847631681789,1.339305346891239,15.033892743559633,24.096442585333648,10.30453686359508,0.2623909277668017,0.4205622611318468,0.17984809616286396
100,12,16,12,0.39597819710282994,16.133944892227447,0.2815904597046906,26.140216960851415,0.7921458987269762,2.403599035364364,1.4331255898780737,4.346508236985985,21.01343030944651,23.041896130249377,0.07586087970047113,0.3667535460382112,0.40215695337539015
101,12,20,12,0.3394295651175325,13.811192838486045,0.2410507886594385,30.69210097373992,1.2283166795183968,2.4182394423920854,1.0571401373386373,19.903780293906035,18.32820496299138,3.2015932585598494,0.34738649972222757,0.3198875225845643,0.05587834367152351
102,12,20,12,0.3374840703367601,13.726395596632441,0.23957079759248132,35.947048052911875,1.2473412575447897,2.418649566636263,1.0399220088260641,19.650949816172893,17.079824421867833,4.4484125518559035,0.34297377543639274,0.29809917182412765,0.07763944551691991
103,12,20,12,0.35516046804704265,14.45143722792857,0.25222516127263134,41.19688920468743,1.298843040596679,2.4488299084042593,1.0338162724708868,20.963282618760427,17.59128047125828,4.799748593766394,0.36587830372346986,0.3070257638652352,0.08377141622918868
104,16,16,8,0.21294682397621742,8.63963185900869,0.15079002209989442,46.51261662467863,1.0977427098294834,2.341806389030911,1.0658115424786772,11.669186377687684,10.825684207405253,3.424024991932232,0.20366572331952396,0.18894383320037433,0.05976050977978229
105,16,12,8,0.20681823271527366,8.391349055369263,0.1464566697003067,50.889046454317146,1.0930687586485164,2.3746878702442844,1.1125742188988488,10.962308285333306,11.612303166728713,2.599435714044949,0.19132837319772483,0.20267292399918233,0.04536871190400927
106,24,16,8,0.20908697852552138,8.484694117191081,0.14808584836956948,56.853778488532505,1.1577758658846042,2.4103972516156347,1.101782051641704,12.087219807058494,11.356559380120602,2.0103031643931093,0.2109617830454487,0.19820935288135189,0.03508640918191425
107,20,16,4,0.17979425124659584,7.29348369531952,0.12729530442384585,56.31839775316926,1.092006388593642,2.3830594300141925,1.1354720045912776,9.7923889888821,10.765419207362767,1.3226428897123088,0.17090942949203497,0.18789201052591958,0.02308447325358164
108,24,16,4,0.2764643698874332,11.233399084854716,0.19605980022122696,67.53974129005465,1.2402022230729515,2.4437177180600984,1.1026921681784765,16.100788735958876,15.239193722192619,2.360214796411941,0.2810117756104999,0.2659741058015112,0.041193519251665235
109,24,16,4,0.24012796882672124,9.749153712550582,0.17015483156702946,56.219195631028704,1.1468914594416963,2.4150893525255097,1.1411804945400827,12.682626056240862,14.105404024051273,2.4594310573586373,0.2213535824806286,0.24618574254375217,0.04292516967670856
110,24,16,4,0.21930339234774807,8.898881420499261,0.15531478053225772,50.32514155641983,1.0860126462546846,2.389787662787747,1.1572402782411613,10.497273001981819,12.824449609962937,3.3749216495525536,0.18321197636529563,0.22382887044995584,0.05890349478152272
111,24,8,4,0.30533199934355104,12.407238309042349,0.21654715957235895,49.78757283323441,1.1471198952583523,2.442345790591034,1.1881301795415677,14.138229828473143,17.94664304798261,5.136842050670766,0.2467586609105331,0.31322801086744656,0.0896548069390973
112,24,8,4,0.277327461195918,11.267411910332363,0.19665343601371785,44.60794555203146,1.1381201694842065,2.414916991353727,1.1527931335759019,14.457330516136558,16.453465228035075,2.8914399868246714,0.2523280185556368,0.28716714159161083,0.05046514789390758
113,24,8,4,0.3060909429622032,12.443072838943998,0.21717259010504839,41.705474643375545,1.1593311565744915,2.4221138483135007,1.1564804055452798,16.17958220992725,17.836135067099885,3.3135012398042045,0.2823869811603333,0.31129928275131347,0.05783150640349755
114,24,8,4,0.38792454372285773,15.805119100233602,0.27585136696891627,26.68807149941826,1.2235578794999733,2.4738810862717475,1.1807756781425283,19.826902890474944,23.595052206896582,3.993402203328777,0.34604473591196966,0.4118113481902986,0.06969801680448001
115,24,8,4,0.3863815347546717,15.742597545914228,0.27476015999258085,30.88915647146618,1.2410528181750193,2.485156993979201,1.177286325092525,19.994589849323678,23.48037697952266,3.7528258088957864,0.3489714254565384,0.4098098879021532,0.06549916661905096
116,24,8,4,0.3641801912733034,14.829415627167577,0.2588221288407684,29.019847680733974,1.2079110407505307,2.460551929060296,1.1721497889352568,18.984852445434406,22.14555643489559,3.3578380011721856,0.33134818317812886,0.3865128744751442,0.05860532886903226
117,24,8,4,0.3171065084434191,12.892349517149631,0.22501394739215996,20.214498500928297,1.1056435134561091,2.402695666117881,1.1826537110256976,15.640599279142647,18.905986022570737,4.1304632497351585,0.27297995440609335,0.3299717044298863,0.07209018334050023
118,24,8,4,0.29789544672178175,12.10688883946394,0.21130507242159782,19.619391700685703,1.087725539786351,2.379709152176181,1.169806809655941,15.079956138274683,17.638415015958437,3.602295364158223,0.26319488566922505,0.30784841686168285,0.06287191473388558
119,24,12,4,0.2385254990342889,9.682475248683305,0.16899107283237472,20.801934426614373,1.00136893966202,2.309619631508571,1.1474289446708563,12.100540942491037,13.827348232103823,3.119536571454301,0.21119428071884755,0.24133275347002783,0.05444618430824882
120,24,12,4,0.23856996492022878,9.682723962686039,0.16899541371062052,25.52346124985064,0.9770881020990297,2.2968382825964744,1.1518245433866432,11.325416045424491,13.679317924722733,4.043437917910351,0.1976657991508553,0.2387491372134905,0.07057130476751353
121,24,16,4,0.18633987837710617,7.558493132366518,0.13192059164917053,31.984815867179815,0.9246771372456453,2.2497529324527963,1.141713852884636,9.198173589554509,11.062212419452688,2.415093388091317,0.16053841430771723,0.19307202927445974,0.04215133136533342
122,24,8,4,0.22463158118691953,9.117731477655132,0.159134434597804,21.736843571798858,1.002248379463646,2.28475676796304,1.1282688742792248,11.701426359117814,13.38136745790115,2.270400615945556,0.20422841714626153,0.2335489205595988,0.039625966087557224
123,24,12,4,0.1997356640368884,8.103343821637623,0.14143003010871133,27.622946823145636,0.9796008979792543,2.263765694958192,1.1200889417702968,9.956187208079577,11.808530501773523,2.5453137550586526,0.17376824772593683,0.20609773707812828,0.04442410552206896
124,24,8,4,0.12118518080987349,4.912164540769958,0.08573344463614467,30.84878590944845,0.9060833340211526,2.2121850645296126,1.1123373943472088,5.9860060588419906,7.099026626243269,1.65146093722316,0.10447551477113068,0.12390138831468991,0.028823430822615518
125,24,12,4,0.12817912231960474,5.195797185149303,0.09068376814669765,19.39004763272146,1.0046331358635867,2.2631419511708146,1.077300728901546,7.4225507806447615,6.078358551109233,2.0864822236925606,0.1295479500187351,0.10608736983361024,0.03641598458775582
126,24,12,4,0.1683487251554785,6.825867375696171,0.11913386001035414,26.046549280539658,1.0658359710257388,2.266252330160768,1.0495891191986118,9.51751047279888,6.970983317470223,3.9891083368184996,0.16611189434338403,0.12166661099144704,0.06962307469623139
127,24,12,4,0.17759814700583454,7.204360485046963,0.12573981096462894,29.230505375325663,1.1341579943517783,2.3731155824607906,1.10554215525488,10.723998681941167,9.72114404222369,1.1679387309743507,0.18716908597940915,0.1696659705974328,0.020384376317044914
128,24,12,4,0.24835662208222434,10.085501388169261,0.17602520593800566,26.84244706875323,1.2394354413641995,2.4060430857763184,1.0839052324291212,14.810169375220699,13.208685604548226,2.2376491847379447,0.2584862183756335,0.2305350536601452,0.0390543457782383
129,24,12,4,0.2752590448105551,11.187349430906297,0.19525608214041526,30.325506611455094,1.3030191477486248,2.4581863027794753,1.0961545879380505,16.581793669656946,15.636760610416463,1.343494012644172,0.289406895421869,0.2729129569979248,0.02344839400145219
130,24,12,4,0.3379096940472252,13.75630153141497,0.24009275462031546,35.64857034248096,1.4225321895133913,2.52762092363355,1.090403146987047,20.437987180650186,19.235728755746468,1.5951886578466978,0.35671016878274076,0.33572680080832656,0.027841294269878206
131,24,12,4,0.4177389066852733,17.04309734990839,0.297458163493818,45.879867574736885,1.5473949539759269,2.6116676750050685,1.095009495822802,24.623500599651127,23.61586569011363,2.8899257599597465,0.42976115883071137,0.4121746120012463,0.05043871964949249
132,24,12,8,0.37549596663585644,15.301306059755335,0.2670581705980861,52.23949867725484,1.5044273413134706,2.5961703052030063,1.0847946129881911,22.394772882590576,21.31529944845347,2.1938458482207577,0.3908625220375476,0.3720221564240438,0.03828983333266
133,24,12,8,0.43810858881228726,17.885235394276148,0.3121562451243401,57.21828226334,1.5703473745857695,2.6286376625404415,1.0881432872770898,25.505069773286287,24.935427116902183,3.2152092926391123,0.4451474434947305,0.43520530358101955,0.0561159882972704
134,24,12,12,0.43919800998307407,17.9201454001136,0.3127655396680933,64.92862694305921,1.574041490739706,2.626367540978474,1.0724587473632308,25.11638305914906,24.102068710416706,4.541984430774411,0.4383635805742779,0.4206604555386736,0.07927258289132832
135,24,8,8,0.3979920867988662,16.229130382970315,0.28325175991827245,74.40534598489431,1.4659592005830178,2.53910172429073,1.0686862191685897,23.51276880237254,22.76962557195463,2.404996774582972,0.41037523186160646,0.3974049356769047,0.041975112216306155
136,24,8,8,0.40588082172292705,16.54520717651026,0.28876834065469337,73.58162164689129,1.402589126555374,2.4836137934144573,1.0607401303195962,22.54422776498115,23.185213443008223,3.9061803215410844,0.393471001818444,0.4046583123581431,0.06817570778749293
137,24,8,20,0.4471208299419702,18.23197668167589,0.3182080222420713,68.06374278117225,1.209248842080994,2.383446708301167,1.1408728820273635,25.48100926458922,22.152253117933576,7.062667662504498,0.4447275083982623,0.38662975364312,0.12326680468483335
138,24,12,20,0.49516449874076257,20.256669663934783,0.35354558112451007,41.98488269311125,1.0641288396074222,2.185159316980543,1.1121517749578405,28.94941835188509,28.031531370742687,3.7890592691760503,0.5052626667776665,0.4892425167955387,0.06613155980032544
139,24,12,20,0.5353756519020091,21.947760636883757,0.38306068655322356,38.4368312729259,1.0258606015047371,2.112065556389135,1.0982041599657382,31.129320861417455,31.369676471244944,3.344284577988326,0.5433091429414928,0.5475041397086197,0.058368777009557754
140,20,12,24,0.6004688162878987,24.71470306723465,0.4313529421759754,29.99613314702667,0.9900930759734011,1.986799200859589,1.0945263398524885,35.4368536678186,36.20160048237357,2.505655051511145,0.6184897730508635,0.6318371229089851,0.04373193056807728
141,20,12,24,0.7406665400809538,30.732171746336643,0.5363775832619457,22.820311466133656,1.0167536745880208,1.8594414479554664,1.12583740013059,45.30910485494308,42.99573293685205,3.89167744721417,0.7907930608501058,0.7504171040562395,0.0679225848794951
142,24,12,24,0.8016753639820314,33.39037608350094,0.5827720011362548,18.390473733917798,0.9797406437696371,1.7941016873849154,1.131235178787845,48.98556564240679,46.35004824423646,4.835514363859061,0.8549594064118098,0.8089609503201427,0.08439564667681182
143,12,12,24,0.8812823883341934,37.07719921025518,0.6471192036367845,30.936035570538365,1.0230638434008044,1.698815828481053,1.083746770037116,54.348173747207994,55.14010933496734,1.7433145485889134,0.9485545743347247,0.9623764578048413,0.030426578770787905
144,12,16,24,0.8635304267029733,36.27672670643742,0.633148322873478,33.636546451070906,0.922664150932188,1.6828350574261821,1.103413474671025,52.83785161795036,54.41229887911112,1.5800296222493577,0.9221944804134474,0.9496737690197085,0.02757671918727744
145,12,16,24,0.8893837713473752,37.39671903595782,0.6526958766206977,37.49705900062721,0.8897722616304186,1.6657043162712002,1.0943039313829208,53.10696461322219,56.071877181620145,3.0113153130306305,0.9268913882408445,0.9786388745931496,0.05255736702809975
146,12,16,24,0.8904366758200534,37.551913855273135,0.6554045371997651,41.74309752299029,0.8611407096346402,1.6579870543540196,1.115670474151342,56.202121261646475,56.00746859131646,0.4461517128531816,0.9809120626208406,0.9775147326257826,0.007786816352671809
147,12,16,24,0.8469586178858003,35.56527595498241,0.6207311647947907,42.2352025455918,0.7882532878165028,1.6682828725271606,1.1107533600038486,53.0849217722496,53.05947747632829,0.551428616366655,0.9265066680893794,0.9260625813497002,0.009624244945291748
148,12,16,24,0.9015791135073185,37.54861037594916,0.6553468806088173,44.91541515004957,0.6872232447147034,1.6455675844666942,0.9944904472310522,39.56876659796289,56.17062379744415,16.906440732440217,0.6906052580876086,0.9803623281644807,0.29507305557436353
149,20,16,16,0.9043696089998043,37.68896790259587,0.6577965815787593,52.14159156307205,0.6264966515496196,1.6484204026594211,0.8541991733422769,15.829241638484122,56.190667646109816,41.046994423193425,0.27627238468533316,0.9807121593184683,0.7164052007324755
150,20,20,12,0.9388803871541892,39.35132473150454,0.6868101815862273,53.41878866250993,0.626410260274502,1.641926295429371,0.8558605223296545,11.243525395731167,58.38164553577997,48.428803263002294,0.19623653768711063,1.018951937331609,0.8452420697399634
151,12,20,12,0.9750872981527975,40.830562600760906,0.7126277528249362,43.70298530268577,0.6651753881711844,1.6323835789896215,1.0128085888587108,43.70041944120394,61.10726553484751,17.684002826231154,0.7627162037515499,1.0665229804735428,0.30864407424971557
152,12,24,12,1.0117798027272336,42.998009989412786,0.7504568461206625,41.59249664357742,0.711647344801022,1.623648598776986,1.0663152151024429,59.728460967589214,64.48645242310691,4.779116577541735,1.0424583010333508,1.1255009177138908,0.08341131961474348
153,12,24,12,1.046975690537409,44.69080714028495,0.7800017299717599,39.913065133881894,0.6960052157010209,1.6309297157591698,1.0757907372412017,62.55610329724322,67.03147305542794,4.484845068183362,1.0918099697545758,1.1699199072790811,0.07827531288162358
154,12,16,12,1.0589787084805515,45.40258202960815,0.792424545323466,42.00247363412224,0.6825484735829338,1.6369255360307595,1.0760872720714465,66.11048698457614,67.8148493765962,2.282409727651127,1.1538456679777123,1.1835924033656275,0.03983556462706481
155,12,24,12,1.0921245623010947,47.020819121063965,0.8206681106472672,42.22718608642899,0.6813945375051762,1.6392162133523516,1.0841653052352282,68.25969215713155,70.4602453483497,2.3425198577097035,1.1913563745396967,1.2297632730917212,0.040884684310388844
156,12,24,12,1.0597768779799477,45.43299671797882,0.7929553817765026,41.58473222658814,0.636110360060875,1.668340602962215,1.078330400428314,65.93999358779837,67.9423962844034,2.416600281733769,1.1508699968510303,1.1858185168576014,0.04217763162087686
157,24,12,12,1.3801001981739571,60.44668976172517,1.0549937582736513,59.39750443804092,0.9429099365306511,1.6616805050972376,1.0848530830252643,20.311962155256232,70.4853135220797,90.54279360783951,0.3545106171497069,1.2302007952607716,1.5802698624104752
158,12,12,12,1.0763038822415287,46.22377630229991,0.8067570891804566,36.63159195544275,0.628569394548399,1.6671796124341176,1.0562411184529472,67.4852782264962,68.5751983493119,2.610852331091074,1.1778403016767982,1.196862996403673,0.045567969460898604
159,12,12,24,1.0058196882748593,42.70191737174815,0.7452890550515671,34.506386042952094,0.6039975202386129,1.7012068112718848,1.047036126620594,59.26169618340957,63.81440019323589,5.02965573859867,1.0343117187170556,1.1137713935572722,0.08778405288037404
160,12,12,24,1.0349712433187015,44.095196739675224,0.7696063674219981,35.742598150941994,0.6029122298945645,1.6982466580383018,1.0410003242198353,61.61945462606171,65.84497818379275,4.821157409170719,1.0754623665080285,1.1492116652110198,0.08414507054694323
161,12,12,20,1.011527179087357,43.080405142462695,0.751894912829068,32.00445098690755,0.5972226583808007,1.7218157304410133,1.0566075425041717,62.230396911915605,64.04867239608637,2.9621461193855825,1.08612532093584,1.117860214842913,0.05169920270845144
162,12,12,20,1.0094159233956927,42.97210411842443,0.7500047033763176,33.0831762806228,0.5961973326592612,1.7317232327586654,1.0527974488614293,62.159718538107356,63.66408604168802,3.0925077754771975,1.0848917506029305,1.11114791670042,0.05397444282560265
163,12,12,24,0.9363264259289846,39.55205788703887,0.6903136360682135,30.603284878326114,0.5980179154099504,1.793170530267056,1.0656422407176163,58.41119695525401,57.27709675607416,2.967879949787898,1.01946770690007,0.9996739243768574,0.05179927692771422
164,12,12,24,0.9160865569144087,38.62738984314726,0.6741751342143276,32.71814567517999,0.6144789377729739,1.796596843556242,1.052608409034178,56.140531576816635,56.98036016015395,2.7612777924705996,0.9798371198352943,0.9944948937668899,0.04819338904079882
165,12,12,24,0.8761753087584792,36.7313674178087,0.6410833002005284,27.564515443893683,0.629340034359066,1.8121473829792931,1.0254690730958982,51.28951182708588,54.25724965513989,4.647340771199943,0.8951708531232224,0.9469676495587495,0.0811113979196142
166,12,12,24,0.8160711009359604,34.036923218913216,0.5940563774185394,25.625052639350656,0.6616618163732824,1.8552828327241038,1.0387842061676678,46.84595803782487,50.59590318602958,4.66890843288479,0.817616209011147,0.8830650986165055,0.08148782462796557
167,12,12,24,0.8054545506802367,33.605672729874925,0.5865296364839843,31.011589829665166,0.6909745083207179,1.8691311608943637,1.0500661746128637,47.84614036112763,49.6753021722878,3.2955756562086203,0.8350726836730265,0.8669975798295134,0.05751864594940927
168,12,12,24,0.9096238592711533,37.95878539752303,0.6625057852447194,28.476903743141506,0.6880850276412644,2.0408388233925057,1.3603983989533588,49.24947212355786,52.25151118836408,12.37537288064695,0.8595654434252484,0.9119609093796073,0.21599100292930343
169,12,12,24,0.7435460700328628,30.88231510426614,0.5389980792078155,29.636514400544456,0.6988450073960942,1.9036795958483084,1.0558638049320423,44.461371517097334,45.24988206075118,2.935691734949078,0.7759973229257754,0.7897594280992251,0.051237486598450434
170,12,12,24,0.6804771157458398,28.126610921814528,0.4909019680130569,28.517970099405822,0.6988450379790966,1.9381071589052876,1.067823344495464,41.14521497967972,39.77459523334553,3.460022552417633,0.7181194728363034,0.6941976454699219,0.060388785732945774
171,12,12,24,0.6834864194667857,28.254661209334955,0.4931368671384139,29.72340521444338,0.7023975606201788,1.9187605075897538,1.047093852035365,40.24137506027325,40.990923292602204,3.5316852751286993,0.7023444903317005,0.7154265748883438,0.06163953619519761
172,12,12,24,0.6701276986093624,27.679775901968004,0.48310322570351977,29.548115519820637,0.7132388494792553,1.9330197899290382,1.0583668074375263,40.43567796796181,39.124654568396245,3.478995169545244,0.7057357158170636,0.6828540409239559,0.060719920369539195
173,12,12,24,0.6500259006993021,26.81094465413952,0.4679392597847038,27.752225875320747,0.7209671360102721,1.9489311737787276,1.060293412327773,39.04457417571812,37.67664773941929,3.7116120472806875,0.6814563744054335,0.6575815541669459,0.064779850781732
174,12,12,20,0.6037686018267078,24.831856689658476,0.4333976586179173,27.337269396354813,0.7324655724861022,1.9515173366613028,1.0414502876514091,35.138429329231975,35.456649904306005,3.9004908354367505,0.6132812857744404,0.6188352825570725,0.0680764075222356
175,12,12,16,0.5883890601564775,24.190079385250275,0.4221965315914147,27.683785239025944,0.7354687761914462,1.9650042446849194,1.0548719494989083,34.44979523430547,34.939305373766196,3.18113754767817,0.6012623534764823,0.6098059171319672,0.05552132416579416
176,12,12,16,0.5842156401097969,24.02089663247071,0.41924373551782873,27.58835887003337,0.7346541502731069,1.973450337289639,1.0641551657867805,34.60912028839975,34.780055002101605,2.6735146069098445,0.6040431002513459,0.6070264738113963,0.04666163249074349
177,12,12,12,0.5374159829942715,21.97899494441013,0.3836058280591428,26.1642116105115,0.7256923896728188,1.982499991301578,1.0757925386484601,22.9233736142136,32.957935067719916,10.055676151296515,0.4000883452328209,0.5752244815902129,0.17550465735439433
178,12,12,12,0.5456408818171012,22.398083336988986,0.3909203003665254,28.016381961315844,0.7311962187184042,1.993287427702059,1.0868627043475927,32.67600669960818,32.512427999848256,2.0058153115096857,0.5703039033118888,0.5674489164149465,0.0350080813727407
179,12,12,12,0.4957507628664683,20.297974152804663,0.35426648045114145,26.351142958666166,0.7365057382287558,2.002815173270035,1.0764208548405874,29.479897837511952,29.194206838553008,2.2198177823479193,0.5145212804161411,0.5095350318409941,0.038743129096290053
180,12,12,12,0.4965802612391712,20.335339281827356,0.35491862497802185,26.09767170183902,0.7396761993160815,2.0116927635789295,1.082312247854777,29.27896425381849,29.738089783160877,1.9889638085011054,0.5110143278028587,0.5190275799698438,0.03471396716136307
181,12,16,12,0.4810103849677176,19.690678231090498,0.34366716708328915,25.95272077931215,0.7489942627006085,2.0376948125499936,1.1050107260705084,28.25195718199299,29.45716030813326,1.3629172031429815,0.49308967295823697,0.5141244356647132,0.023787392626917443
182,12,20,12,0.5135018365457059,21.031105249304336,0.3670620319338178,27.1230446320377,0.7949839194365155,2.0503549150617424,1.0656937298084272,30.92795215859833,28.93065967087163,3.2347039184420145,0.5397945960668297,0.5049352660306489,0.05645623370397528
183,12,24,12,0.502927203902854,20.58880322263727,0.35934240528023365,25.182551165085314,0.7789921310313301,2.0879951389943487,1.1441301268304378,27.878365611456832,30.664241571580348,3.223802484873844,0.4865692699946844,0.535191978050997,0.056265967795019314
184,12,24,12,0.4691959069727934,19.194199030623498,0.33500197036747564,27.19772990598958,0.8512108747599675,2.1171362140567886,1.091911122391825,28.670815309255904,27.282040286944106,1.6297414956694811,0.5004001263777133,0.47616142966891273,0.028444355055801545
185,12,24,8,0.43342885629575484,17.698805025664697,0.30890242136636,26.532005827695617,0.9203052734547509,2.165740614016768,1.0832248582541493,26.427543836176348,24.334765995889175,2.3341052449278252,0.46124765315641014,0.4247217893306213,0.04073782161204832
186,12,24,4,0.42989978729910366,17.566972415048753,0.3066015082495957,27.27532234773664,0.9602031794994949,2.207555400437541,1.1073374593688916,25.82796772621684,26.350242793095514,0.5227067258310785,0.4507830759213178,0.45989849543942274,0.009122953388047274
187,12,24,4,0.4252041546698773,17.363228286244766,0.30304550237037803,24.940953506080675,0.9826148166558545,2.203556269097794,1.0745221842321688,25.74352868724427,24.801408204349915,1.5447479671390802,0.44930933667402717,0.4328662322970407,0.026960938140066122
188,12,24,4,0.41916882457010285,17.117147486203926,0.29875058218370726,29.38969970899878,0.9995433509203423,2.2249458678165475,1.0908249753698045,25.618779387492992,24.7353031285221,0.9973599425951084,0.4471320506538099,0.4317124810715638,0.017407214825735255
189,16,24,0,0.018971996134905193,0.7686416590372374,0.013415327718158314,17.130600460319013,0.0,0.0,1.0892078564635503,0.0,0.0,0.768641659036289,0.0,0.0,0.013415327718158314
190,20,24,0,0.03933340161869343,1.5936140136626802,0.027813811544303724,16.043246688474067,0.0,0.0,1.0812365472702552,0.0,0.0,1.5936140136617651,0.0,0.0,0.027813811544303724
191,20,24,0,0.013616136326256783,0.5516494671449119,0.009628099518458746,15.379102721798764,0.0,0.0,1.094899796669005,0.0,0.0,0.5516494671409478,0.0,0.0,0.009628099518458746
192,24,24,0,0.008879231623290787,0.35973586062446644,0.0062785752052155345,16.329282030388836,0.0,0.0,1.1024028324429944,0.0,0.0,0.3597358606183876,0.0,0.0,0.006278575205215537
193,24,24,0,0.012732368227456718,0.5158438908363049,0.009003174321293073,16.910568501948884,0.0,0.0,1.1102013383597313,0.0,0.0,0.5158438908334787,0.0,0.0,0.009003174321317736
194,24,24,0,0.019954454751362757,0.80844616016988,0.0141100473200069,16.91533318397051,0.0,0.0,1.0961563699868768,0.0,0.0,0.8084461601689783,0.0,0.0,0.014110047320006898
195,24,24,0,0.02311941275816381,0.9366757342923334,0.016348075586882442,17.577884557908522,0.0,0.0,1.0957896656096722,0.0,0.0,0.9366757342899985,0.0,0.0,0.01634807558688244
196,24,24,0,0.014509142594182622,0.5878293795825987,0.01025955811356366,16.53982148255308,0.0,0.0,1.1107059150438479,0.0,0.0,0.5878293795788785,0.0,0.0,0.01025955811356366
197,24,24,0,0.012408946015523122,0.5027405581647535,0.008774478023238398,15.513527268928739,0.0,0.0,1.1114979431813894,0.0,0.0,0.5027405581604037,0.0,0.0,0.0087744780232384
198,24,20,0,0.024221827840968973,0.981340801593618,0.017127628071904225,17.249396674112297,0.0,0.0,1.1166513881593014,0.0,0.0,0.9813408015913895,0.0,0.0,0.017127628071904225
199,24,20,8,0.36585083932372275,14.906311572891845,0.2601642162750949,29.235728478326823,1.153939933439202,2.3224486467774836,1.076426943276805,22.29377102954662,20.675567585783135,1.7495961033447667,0.3890997071513168,0.36085672909053146,0.030536212583429156
200,24,12,8,0.3651283851104612,14.867453421087477,0.2594860135848677,32.8073104401132,1.0773612944657474,2.3459723694849175,1.1676975941642402,18.848614202910074,22.17881779064217,3.574928269709364,0.32897037727894946,0.38709339464660203,0.06239426882905228
201,24,12,8,0.37788569231856,15.403482625591051,0.26884148809030467,32.246512780246185,1.1606611923938681,2.3634517481095254,1.122548807847741,21.551529108470582,23.009890607936807,1.6490281603647423,0.37614514178221226,0.40159835163221697,0.028780970856492952
202,24,12,8,0.39262973900740095,16.01421762197816,0.27950082463440606,31.535851808539533,1.1900398685079172,2.383245743483754,1.1241215133938227,22.60355279801866,23.99841390337544,1.440686164539195,0.3945064189738042,0.4188513378702862,0.02514471705912889
203,24,12,12,0.3965348187663527,16.181185482893376,0.2824149635523783,32.541522356672765,1.2363369846682355,2.3858400805312434,1.0928935305296983,24.038170872607292,23.84586841155423,0.6595171645151672,0.4195452278839973,0.41618891677893155,0.011510745994206777
204,24,12,12,0.3980579418925007,16.244000320576887,0.2835112892890382,31.815546808864674,1.2471521324684347,2.404558153471306,1.104710367902729,23.750740449239554,24.280392239415008,0.7008682730728573,0.4145286206258285,0.42377278825347064,0.012232458987833615
205,24,12,12,0.4024844842572209,16.424822662875368,0.28666723452334103,33.21230699216905,1.2642732522639812,2.428096835545769,1.121057221504259,23.750179485365322,24.47798685336882,1.0463016498904103,0.41451882995923844,0.4272214648511723,0.018261408759624467
206,24,12,12,0.4074675058885151,16.633773881577437,0.2903141212657278,32.21635332112476,1.2896410216078402,2.44115391828482,1.114461369720285,24.294678516367302,24.88020532175166,0.7264378066112093,0.42402213082414103,0.4342415014367815,0.012678731536261378
207,24,12,12,0.39156430594680436,15.972280506989977,0.27876888389907256,33.30973001693785,1.2670983400417701,2.4285991544108447,1.1175052691386236,22.845374843031365,23.95094694460107,1.1205197333360681,0.3987270098631823,0.418022883153764,0.0195567586802719
208,24,12,12,0.3878173283886466,15.81884312036737,0.2760908963068453,33.12964093404114,1.2729277032692718,2.427929758695642,1.1126928926897834,22.895096419452432,23.678038807431424,0.8833941342156524,0.39959481508101136,0.41325973760467,0.015418136234867826
209,24,12,12,0.42036942912046116,17.164160268508756,0.29957111002545245,32.49213673011967,1.3421190157511356,2.441821847013593,1.0811263902809756,25.666979555065957,24.46929548191764,1.3562057685414795,0.4479733022779711,0.4270697718028343,0.023670255995570183
210,24,12,16,0.4206344749209523,17.164937797854634,0.29958468047258363,30.840249651578738,1.2889252768610158,2.4598558658714045,1.1348912314494153,23.077518659367897,25.65637716869786,2.760917565497226,0.40277868379639925,0.4477882557272788,0.04818710189407278
211,24,12,16,0.3854169772193618,15.7189923373246,0.27434817138205986,31.58971774307947,1.3007328916477352,2.4333817261778155,1.0941460611183176,23.146621984929755,23.0570224679784,0.9533325590639818,0.4039847643515318,0.4024209577725314,0.016638792022116447
212,20,12,16,0.41397134860196766,16.903412246054796,0.2950201985155629,32.05768021257043,1.3380244553528644,2.4539462849187044,1.0970073596783207,24.983702637431538,24.988467006559627,0.7380670941711552,0.436047870362373,0.4361310242904358,0.012881700893879234
213,24,12,20,0.42601972342233047,17.398362121802446,0.30365870347970414,31.94384078921575,1.3603506086558963,2.4506092792418857,1.0825768558932698,26.024551680788196,24.764825585904745,1.4057090987132397,0.45421411318517935,0.4322277451561722,0.024534252097769913
214,24,12,20,0.43514421811399195,17.772518601996648,0.3101889659767718,32.34212592299816,1.344495179050057,2.449697390033686,1.0891872670204779,25.46928970775693,25.88901496725233,1.9592511309794254,0.4445229635446633,0.4518485512766446,0.034195383109007146
215,24,12,24,0.4507104786948383,18.418875131103672,0.3214700155514534,31.698261948721452,1.3661360416245603,2.446073516057511,1.0772856243156357,26.818917628332677,26.356847729780245,2.0808600351972526,0.46807841443555664,0.4600137733314585,0.03631785888734491
216,24,16,24,0.43237351893391845,17.663625190853566,0.30828841741858876,30.770829250847708,1.3332470765532596,2.4382282320919653,1.0950608790138772,25.644338345112782,26.115829092488376,1.2307081349576154,0.44757813861765294,0.45580720455204543,0.021479909086068436
217,20,16,24,0.4205723027742337,17.169243610643957,0.2996598310827213,30.70542044573836,1.3197071165341647,2.40935650552175,1.0745222970279287,25.328165003793792,24.421111114354044,1.7584547137830804,0.44205987280460474,0.42622879594085905,0.03069082450270032
218,24,12,24,0.4262113939388317,17.408888384753375,0.30384242142612716,33.392863769642595,1.3366922684239342,2.423249129700249,1.0834088939364084,25.816182887504652,25.336658332417112,1.0738239343368554,0.45057739168397354,0.4422081093535346,0.018741763240897515
219,24,12,24,0.4310121719475873,17.601932786614714,0.30721168184115993,34.38307553504859,1.33931243725919,2.4070899112235753,1.073445926443106,26.22932385850187,24.703140513375157,1.8733339879658288,0.45778806190276194,0.4311511375411989,0.03269584607951955
220,24,12,24,0.4445629546873376,18.176430187895267,0.3172385530376502,34.25468795246476,1.3572432904397294,2.4250218693480554,1.088079136049321,27.17198638063464,26.73903747164898,0.618266711398502,0.4742406266491335,0.4666842426944146,0.010790789769422573
221,24,12,24,0.41860247998192807,17.050972725730244,0.2975956147317434,39.265084875956084,0.9621963345910629,2.403115256526532,1.351405317476887,9.121105965793989,25.356832101899926,16.674980109496467,0.1591933305264052,0.4425602080535474,0.2910333056152771
222,24,12,24,0.4365892452568036,17.83587208957176,0.3112946929275831,33.4376447552703,1.3265074765419513,2.396053456694833,1.0740842997353655,26.137651034689238,25.794215166152252,1.5757500678722316,0.4561880692926324,0.45019398261721355,0.027502026872902638
223,16,12,24,0.3960635388574438,16.1554142058954,0.28196516991632226,36.76887611740054,1.2495375546109073,2.3634942012989884,1.0874000808639295,23.213091634338408,23.72477225212165,1.5283787312245478,0.40514487858635845,0.41407539008531136,0.026675241077296852
224,12,12,24,0.4162598541845563,16.979658551171454,0.29635094758234787,39.83577766700492,1.1995704386149681,2.367260076114757,1.138313955334453,22.062996127119103,25.464535967695234,3.4114435586991885,0.38507192527298856,0.4444399951288023,0.05954092234525329
225,12,12,24,0.43045828026485417,17.564612185687718,0.30656031447616255,38.308283840017765,1.2048712025134816,2.3592015384977234,1.1294911296316725,22.53616453038484,26.25186419695867,3.9058078297189525,0.3933302718263771,0.4581814650233444,0.06816920657876649
226,12,12,24,0.399912580954471,16.31390742486246,0.2847313984293916,38.808810145256444,1.178119814366127,2.316950178659001,1.1230485289196228,22.85353591403863,24.402103526660458,1.6860828338867717,0.39886944742274827,0.4258970509527458,0.02942769691268079
227,12,12,24,0.39998372107539737,16.31724430113504,0.2847896379070711,40.193503957942326,1.167045365823327,2.3034343078114965,1.1349786468377279,23.178203398264664,24.17176429308165,1.6017652120567956,0.40453596399665914,0.4218768729302744,0.02795607679428831
228,12,12,24,0.3970373116927562,16.19272904822742,0.2826164367748914,41.90654734216945,1.1484730174902822,2.2885547723851536,1.1251004104628581,22.347551159657808,24.210173968636077,2.020462016387097,0.39003834749390803,0.42254724823332146,0.03526371459745106
229,12,12,24,0.3917022607462817,15.967818102969998,0.27869100025638555,41.62119580551272,1.1164326484774576,2.2786587209904914,1.1397310535588794,21.45759552896689,23.74092641717526,2.704932362767169,0.3745056915416902,0.4143573334534097,0.047209975774050894
230,12,12,20,0.36441400635531357,14.84218713801075,0.25904503375543836,41.366688413615776,1.0723234657672558,2.258043563262504,1.145696276775896,19.941068209301367,21.9494865857547,2.6360066189754865,0.34803729661708116,0.3830908100437482,0.04600699460548587
231,12,12,24,0.3463604794048181,14.098465303753885,0.24606463902868395,39.65245301648095,1.0570338406201092,2.254041027255068,1.129218492704092,18.510427585309838,20.987315522534388,2.79765280341668,0.3230679073156424,0.3662977570231381,0.04882825274727073
232,12,12,24,0.34272980041877793,13.94760128793777,0.24343156522990975,40.8678111826472,1.0308723423014114,2.2428513682327775,1.1377443193009182,17.87956294010245,20.775559676019036,3.187681247691169,0.3120572421223476,0.36260192029109795,0.05563553327628779
233,12,12,24,0.3224831043804413,13.118934759792138,0.22896860591269907,39.39033479479063,1.0004772748777695,2.21062445426805,1.1230734035736203,17.35610697229011,19.561608748348934,2.439088558736609,0.3029212119948088,0.3414144796456157,0.04257012609767171
234,12,12,20,0.28763230453962224,11.690774707961102,0.20404251076279548,37.746763715503334,0.9447908778656701,2.1787218466489535,1.1366539498376318,16.084711608742566,16.77143967995725,2.2161728351826078,0.2807311768063141,0.2927168427148781,0.038679512767188395
235,12,12,20,0.2665200401282025,10.827199522195487,0.18897028043265995,35.93626346257356,0.8683756499265632,2.1347562351236236,1.1256176389623485,14.269352502351959,15.906049268392223,2.306196795841454,0.24904718329373535,0.2776129307178787,0.04025072728637132
236,12,12,16,0.2624848411122573,10.661262956545666,0.1860741410126198,34.796704103474205,0.8041927515361071,2.0901725225746945,1.1289964705082356,13.988684648960435,15.333246346588812,2.661857874086902,0.2441486051475495,0.2676156337673664,0.04645818412294831
237,12,12,12,0.23654855934259136,9.603679910131317,0.16761583473941655,39.23568937540592,0.8154999326191905,2.1100066594302436,1.116737040931533,12.390146976910644,14.160772233150654,2.260120520331735,0.2162488595531157,0.24715210009346808,0.03944654457166496
238,12,12,12,0.24262687237588065,9.849894389089458,0.17191308806332006,39.524162729278366,0.7460368112600289,2.0758159635380085,1.1309765789182875,12.264395198025113,14.20951783375607,3.075770135486208,0.21405407697132225,0.24800287131989568,0.053682315898742276
239,12,12,12,0.2466497193538202,10.014771241300618,0.17479073199473005,39.14861445796654,0.7312604170366096,2.0705050360295614,1.1234439795388655,12.88939291800801,14.471074990997229,2.6838458148958577,0.2249623450024823,0.25256790489590863,0.04684194608579825
240,12,12,12,0.27703542718857316,11.256881777123732,0.1964696505185518,42.587996208005606,0.7212885992964685,2.0661010921064853,1.1148320273902073,14.527119416523998,16.78350359600479,2.4600223188412995,0.25354606464874385,0.292927397770591,0.04293548913631607
241,12,12,12,0.303350869149772,12.339211042422397,0.21535985978869146,41.61145156783058,0.7301272681995251,2.0729336530172877,1.1067417581875145,18.017220728041963,17.956066634751572,1.044345764471355,0.3144598237629043,0.3133924834839122,0.018227272119258
242,12,12,12,0.32513554891661905,13.22883316355872,0.23088669490111272,42.387493273078945,0.7379579084788389,2.099208492383498,1.112771169241296,18.53782887383382,19.06115685815622,2.0875137586848718,0.32354615001967413,0.33267994641392445,0.03643398826973949
243,12,12,12,0.3516305850863124,14.310000082919792,0.24975661740760544,41.81238325928133,0.7436244927564047,2.1194321319311165,1.1167406272708447,19.368503758717495,19.85049722733386,3.710999262707292,0.3380441617745183,0.34645653477498123,0.0647691556733174
244,12,12,12,0.3447837814945929,14.043646470452034,0.24510786989543876,40.725174341515356,0.7523786898794766,2.115264214856385,1.108932867266656,20.509737536808156,20.89845276862671,0.7227491059180249,0.35796244873717586,0.3647468093850602,0.012614351564079562
245,12,12,12,0.4008119212358537,16.344703862804902,0.28526889766937,42.57598447980117,0.7489944823925472,2.1116580572002484,1.0944846922614124,23.0541627984513,23.430861120460243,2.5490876695024323,0.40237104712376687,0.4089456731295578,0.0444899727547915
246,12,12,12,0.41093061611315584,16.76294114577616,0.2925685153118201,43.65269364644415,0.7208177862921534,2.1026998637239993,1.1138483818045524,23.72956721237923,23.93900557310546,2.620250651842863,0.41415907792931184,0.41781446690396234,0.04573200110218559
247,12,12,12,0.4228322513164707,17.255642114762246,0.30116776944839124,43.573516065705086,0.7155958081003614,2.109806412031208,1.1288778603399596,24.693344439228838,24.394637209595523,2.678944695461437,0.4309801637935771,0.42576673913696333,0.046756405414634127
248,12,12,12,0.4170678570478344,17.02447639189702,0.2971331664666339,43.184264847497005,0.7339915498568133,2.119665996324079,1.120941818389667,24.323925586368585,25.07227603610872,1.6772275532127383,0.42453258849222575,0.4375937677989683,0.029273143108707916
249,12,12,12,0.4429913296547498,18.09839561560406,0.3158765928207924,44.093011007404,0.7458581982571999,2.1318788909067945,1.120848422609626,25.871629674570134,26.421546297972736,2.002010874268069,0.451545120677921,0.46114297636774304,0.03494168141670803
250,12,16,12,0.4602273126996595,18.813704384395667,0.3283610860045934,41.41238282921032,0.7600071332573125,2.1366747025695823,1.1087790850633075,26.58625228084363,27.59105335624815,2.2638075160945212,0.4640176380665746,0.4815547251599618,0.039510894787243914
251,12,16,12,0.4802005393421383,19.649219381373552,0.3429435736516456,41.44236026407052,0.7672257558753489,2.1553797183799475,1.1251617420529196,27.894668023920275,28.982199674010634,2.070790446188908,0.486853800768191,0.5058348087819133,0.036142111404832755
252,12,16,12,0.500579805409046,20.493169303332632,0.3576732785117814,40.259364384924325,0.7802687832627558,2.161317854130397,1.1260479419158473,27.868618600529608,30.63002045733886,2.9808688521283577,0.4863991525617774,0.5345947069337829,0.05202597603978382
253,12,16,12,0.5009929022798223,20.523334826857724,0.35819976621787797,40.07204184528681,0.7861678429610568,2.1699362603108927,1.1234151832599457,29.206769726395567,30.609333645245197,1.7539011089310308,0.5097542955974079,0.5342336539510071,0.030611349105218958
254,16,16,12,0.49197518788675554,20.14318065169537,0.3515648241960878,37.278735441267095,0.8367836156841955,2.176210595590756,1.0860955712812341,28.575598053216655,29.902512440466698,1.9514314614011112,0.4987382717551134,0.5218972967047092,0.03405890412844099
255,20,16,12,0.5049583942495061,20.68428770108903,0.36100892381376243,37.302720798317615,0.8543131565319148,2.2075904316454547,1.1062449467467939,28.833638832724635,30.963537656149786,2.255686614391567,0.5032419329619404,0.5404156801650616,0.03936915831428526
256,20,16,12,0.49690491313557855,20.339374515042802,0.354989053083717,35.28534025191452,0.8673613488928626,2.2332660529260173,1.1243221517749793,27.532227681542462,30.489925445149876,2.995970418435207,0.48052802345164175,0.5321495877054631,0.05228954809405083
257,20,16,12,0.4999294615546475,20.470394158111034,0.3572757772400426,36.372794434627,0.8913179484668571,2.2536317580126184,1.1294759226514313,28.204634197104852,30.653568668718258,2.5529796085092666,0.492263731060067,0.5350057007553086,0.044557899904752576
258,24,16,12,0.5220731221346386,21.39194301675705,0.3733598390414132,36.466098048910936,0.961389925356079,2.2816603979234467,1.1053202076917794,29.211926960056083,31.781461309635002,3.182440780579445,0.5098443063050776,0.5546911409483198,0.05554406987084173
259,24,16,12,0.49608227476659456,20.309318398763487,0.35446447489428196,36.30077149594334,0.9758839433263872,2.32175209451183,1.135291190781338,27.922626595240317,30.449336689352947,2.5559919116965237,0.4873417698918789,0.5314411802775187,0.044610474513448496
260,20,16,12,0.500191826733858,20.47599902551616,0.35737360063039997,37.378446519444225,1.0377783905650295,2.3464579422959746,1.122195868074893,28.020480108356853,30.378344445728654,3.0291725224623867,0.48904963588040595,0.5302021318828969,0.05286903412790212
261,24,16,12,0.5009584673251014,20.512955261529417,0.35801860862797574,39.16188877920862,1.0904644956959528,2.3797954725567245,1.1190446633193136,28.52073518819403,30.454895081368676,2.563235515024807,0.4977807341233922,0.5315381925193098,0.044736899241225536
262,24,20,12,0.5162212353877383,21.159450409116705,0.3693020775515454,42.03292984592188,1.163916084614748,2.41647579469742,1.1020414717926834,30.28256900941387,31.200731312706584,1.995050905228809,0.5285305351766709,0.5445554904368229,0.03482020704113608
263,20,20,12,0.5065602799249722,20.752699822983523,0.36220294058910096,42.00180405479038,1.195876750676418,2.4427747338842947,1.1144079824770659,29.323580610980386,30.821630339240258,2.1128885187291035,0.5117930301355806,0.5379389302523198,0.03687686137940271
264,24,20,12,0.5259451486232832,21.560111161412493,0.3762949268626195,43.14006683320191,1.242980031660981,2.457272415420247,1.1008496894224087,30.55324311756577,31.483138072186893,2.6439522944841065,0.5332546895638208,0.5494844182196407,0.04614567280439674
265,24,20,12,0.5148573032820534,21.101722260168998,0.368294531281322,43.40077241158777,1.2499881216503266,2.467152146138659,1.107756962619296,30.15504216089825,31.118936638497665,2.031187981110258,0.5263047717853815,0.5431279040612811,0.03545091799729787
266,24,20,12,0.5176259667783228,21.217606488840314,0.3703170926227682,43.611401255667346,1.2754090738604456,2.4870046055471864,1.1129379387402034,30.14073585754081,31.433025905366627,2.0790577036127047,0.5260550796880045,0.5486097959133186,0.03628640226698187
267,24,20,12,0.49497834773784133,20.265890523398692,0.35370651548201826,44.07963432656568,1.2804591726341283,2.4861116844558917,1.1185692604479787,28.485474474305338,30.07428291155253,2.237914184337473,0.49716531856942947,0.5248952569828578,0.039058970893766524
268,24,24,12,0.4704184966116234,19.24317742224571,0.3358568045636075,44.635213466179856,1.2875076754129082,2.486921348211551,1.1154786232746143,27.38283287969887,28.52435774138374,1.822341645653959,0.47792059227410555,0.49784395960387845,0.03180586181283849
269,24,24,12,0.46064864816415413,18.835492529540154,0.32874136087526323,44.12174694247376,1.2910826797334987,2.4799349895358027,1.1076931399413925,27.019375241693645,27.675098451143434,1.8120038957824425,0.4715770597993941,0.48302158878603596,0.03162543404036079
270,24,24,12,0.4651443666785477,19.02264668301362,0.33200781706215693,44.5762334114385,1.300681110808173,2.4878446804242658,1.112966818588072,27.171188336990223,28.042730596045907,1.8540211160038569,0.4742266981599649,0.4894379801507531,0.03235877287575331
271,24,24,12,0.41035336528551003,16.74505860086509,0.29225640602448044,40.969002023188175,1.2269439804093885,2.436859150499054,1.110284414101039,23.863034965208957,24.557573692400737,1.8145671449842202,0.4164885296614274,0.42861051723353244,0.031670171178480935
272,24,20,12,0.4025553923394676,16.389266476824787,0.2860466620073214,43.03662321155675,0.9008767442514048,2.4221694094310333,1.398568405011505,8.512854642145223,23.878674694763443,16.77627009356517,0.14857734224912228,0.416761494436274,0.2928011493365686
273,24,20,12,0.3862078072899493,15.744337778377634,0.2747905327788105,38.668332455141076,1.1673381505970442,2.4052125478832442,1.1210763909468893,21.89376731375407,23.250422739110462,2.0888232822675032,0.3821183252905253,0.4057964292780361,0.03645684376787064
274,24,20,12,0.3731766282301859,15.203518923792869,0.265351463109441,39.53231027461161,1.118046591656607,2.3730339910357534,1.1224200004515306,20.607506842837992,22.40838694788277,2.5946629806568233,0.35966884503478586,0.3911001323014755,0.04528541199206659
275,24,20,12,0.3547156443569414,14.44409998268759,0.2520971021851528,39.95741760624476,1.0681387149656913,2.338812998834752,1.1208474710395218,19.77072545372502,21.2216728582961,2.33990163604092,0.34506425467535345,0.37038806415838293,0.04083898772171607
276,24,16,12,0.3444668416938654,14.0221766345895,0.24473315056980038,43.34585316088647,1.0165290750559381,2.2963830413851225,1.1115140889160833,18.84954366723829,20.799980784374803,2.417005452154346,0.32898659949175524,0.363028149038893,0.04218470317875287
277,24,16,12,0.34581909581772013,14.079497152982063,0.2457335823446938,44.45301682808586,1.0024311202096317,2.282070896779562,1.1096015758972277,19.269824594453198,20.91341098612978,2.0552558783623547,0.33632188545499064,0.3650078795307181,0.03587098204837259
278,24,16,12,0.3537547939261609,14.401521742866237,0.2513539717105623,47.80206473064049,0.9728654675935134,2.2676504898054897,1.1158500501838748,18.808188720758373,21.36494436261846,3.0314321452214594,0.3282648195136967,0.3728886236330934,0.05290847198489676
279,24,16,12,0.3598566278968138,14.655293765983055,0.2557831290633941,49.040071027204895,0.959987815643311,2.2560524959240937,1.1214835093742572,19.759227930771054,21.728380221685633,2.4782731454917486,0.3448635850439824,0.37923177599362845,0.04325402615257208
280,24,16,12,0.3571002028552088,14.544889658808609,0.25385621388547724,49.91457538480419,0.9341438899114705,2.232506954058719,1.11648062349555,20.137113845134877,21.62803885106851,1.8695162802214733,0.3514589384465398,0.37748048870039647,0.03262921450949484
281,24,16,12,0.35299378740103443,14.376622954230863,0.2509194058691117,51.37324429786156,0.9123750594570725,2.2097774372207697,1.1150633199870872,20.113839492727635,21.32447702489162,1.6915523450718202,0.3510527243657646,0.37218233535024353,0.029523157891327013
282,24,16,12,0.32464751705543043,13.21042565294262,0.2305654232337573,51.44033177507746,0.8509077164097694,2.1786461900891614,1.1155451978320896,18.240157066389703,19.62155094560849,1.7695689468286084,0.3183507968894117,0.342460668348675,0.030884804463178924
283,24,16,12,0.3309077291288615,13.4690679194478,0.23507958236909354,51.523850605934115,0.8648296635855259,2.1893281606411494,1.1133416268054193,18.842559584652985,20.1023976138136,1.4622465598751238,0.3288647042554112,0.3508530259060976,0.02552101694577261
284,24,16,12,0.345353459600809,14.058240525867092,0.2453625842136711,51.5213961740183,0.8553697808912353,2.1951279855753354,1.1301299517248178,18.7879493399443,20.8749788520613,2.5117933855946073,0.3279115756799249,0.36433711225265597,0.043839064708431276
