name,PixelStandardDeviation [px],detected per frame,frames,obs per frame,total obs,corner_total [m],corner_avg [m],corner_median [m],corner_std [m],center_total [m],center_avg [m],center_median [m],center_std [m],reprojection_total [px],reprojection_avg [px],reprojection_median [px],reprojection_std [px],translation_total [m],translation_avg [m],translation_median [m],translation_std [m],angle_total [deg],angle_avg [deg],angle_median [deg],angle_std [deg],rodriguez_total ,rodriguez_avg ,rodriguez_median ,rodriguez_std 
2019-09-08_00:34:07_porcupine,0.1,3,30,3,90,1.0270257349107836,0.021396369477307987,0.014327407184031148,0.01912433780983547,0.29088354596111354,0.024240295496759462,0.01823738752008069,0.019309214242870656,2535803.0383293875,528.2922996519562,10.772604508618855,1090.295797464738,49.04785145244015,0.49047851452440155,0.07904670336220627,0.532743188665601,3797.9601635030745,37.97960163503075,10.248684282207037,50.323110929136526,66.28690971271084,0.6628690971271085,0.17887328472190261,0.878303975559778
2019-09-08_00:34:07_owl,0.1,3,60,3,180,0.32167958349800985,0.006701657989541876,0.0055584997510667415,0.0033646191870157762,0.08843976049387173,0.007369980041155977,0.006331648963135171,0.003331606765550551,9295.523555332084,1.9365674073608474,1.5227655489561025,1.3059898127327583,1.204614432883581,0.012046144328835813,0.011516477689580942,0.004123349572594743,161.7690754795738,1.6176907547957378,1.6201796303434959,0.26187691798070417,2.823402995025438,0.028234029950254372,0.02827746902323473,0.004570614453740136
2019-09-08_00:34:07_wren,0.1,3,90,3,270,0.14089853775461952,0.0029353862032212396,0.002705900111111821,0.0016828934984882713,0.04064212633689412,0.0033868438614078436,0.0033454415200103423,0.0017567953940248976,2405.374917251484,0.501119774427393,0.3382682906966679,0.44976338767524865,0.3103665702494865,0.003103665702494865,0.0033434654276848445,0.001299469182875,106.18525513313735,1.0618525513313732,1.0786776033704792,0.11901771137981813,1.8532823191427574,0.01853282319142758,0.01882647574633635,0.002077250931769599
2019-09-08_00:34:08_guinea-fowl,0.1,3,120,3,360,0.303489552025462,0.006322699000530458,0.0030132150711060265,0.007127790432643065,0.07824581559887794,0.0065204846332398295,0.0032264280067560514,0.007060550094144935,10748.71277989388,2.2393151624778818,1.5467564358531989,2.1658208351299693,2.5537200499363744,0.025537200499363734,0.02790225271427859,0.01062773462824089,152.275581208328,1.5227558120832798,1.4778647735319415,0.6013197194686223,2.6577102624725475,0.026577102624725478,0.025793606197368292,0.010495008961902554
2019-09-08_00:34:08_caterpillar,0.1,3,240,3,720,0.2145142098867474,0.00446904603930724,0.0034447546921172996,0.002809851432809569,0.054569253847197914,0.004547437820599826,0.0036706638120005326,0.0028337561311498663,6420.551128702182,1.3376148184796286,1.088524949664175,0.9400570297691907,2.2699155448269814,0.022699155448269823,0.022876028088500228,0.002170458671680981,52.52619814517481,0.5252619814517481,0.518267859670168,0.12208282438810013,0.9167551011867029,0.00916755101186703,0.009045480558508366,0.0021307472457130668
2019-09-08_00:34:08_lark,0.1,5,30,10,300,0.406930934153167,0.008477727794857644,0.006594628368114275,0.005368852289643287,0.11377664705742979,0.009481387254785817,0.007362051832298199,0.005358327182460853,11259.439746863909,2.3457166139299783,1.6056629716629982,1.9639626085365236,3.4831990921585323,0.03483199092158532,0.012892141550198853,0.2143527502655423,423.31301985001903,4.233130198500192,2.44699431177506,17.50647240306063,7.388205962942787,0.07388205962942787,0.04270810751803966,0.3055455838429317
2019-09-08_00:34:09_chough,0.1,5,60,10,600,0.4730724038314199,0.009855675079821246,0.007856553476600888,0.005395011108090501,0.12427202576203918,0.010356002146836598,0.008005993184903666,0.005482899759102705,12543.485555612047,2.6132261574191746,2.157921354895099,1.7013316685547017,5.027253044816837,0.05027253044816837,0.046773872613131,0.012375862167258412,219.37701111891215,2.1937701111891217,2.2374955869782056,0.5695303124583373,3.828851147208941,0.03828851147208943,0.03905166499161283,0.009940179142310776
2019-09-08_00:34:09_caterpillar,0.1,5,90,10,900,0.16325693676892405,0.003401186182685917,0.0021709819457016006,0.0032118664011331084,0.04234611784467664,0.003528843153723053,0.00239146198304601,0.0031712296315496128,6150.421014375202,1.281337711328168,0.9604504095951023,0.9609325044706188,1.4944242765744749,0.014944242765744747,0.014638253722015685,0.003438583578073377,74.47400788344618,0.7447400788344618,0.748382713098226,0.37702931321983596,1.2998166447206299,0.012998166447206298,0.0130617424085636,0.006580402892233176
2019-09-08_00:34:09_viper,0.1,5,120,10,1200,0.23820330226994138,0.004962568797290445,0.004846833857709768,0.002969123066748792,0.06186031826223105,0.005155026521852586,0.005209774675598659,0.002873104060223679,6642.3233935369235,1.3838173736535255,1.264298512293262,0.7474164946375348,2.663640628898119,0.02663640628898118,0.026453446648579456,0.004135444842983699,94.20207268831744,0.9420207268831743,0.8699773239171704,0.33126015406350495,1.644136330613282,0.016441363306132818,0.015183968720036559,0.00578158036907353
2019-09-08_00:34:10_ferret,0.1,5,240,10,2400,0.24476993964337795,0.005099373742570373,0.005019690021088194,0.0019219328766783613,0.06204328303241436,0.00517027358603453,0.005229691570859802,0.0019431783419733741,5562.0272883799835,1.158755685079163,1.1212140736583984,0.5826310915106157,3.144408260981884,0.03144408260981886,0.03111649888736434,0.006765006525981111,113.10150363884662,1.131015036388466,1.1996987583475058,0.2838464693552728,1.9739936274536232,0.019739936274536237,0.02093869336524118,0.004954055460409827
2019-09-08_00:34:10_elk,0.1,7,30,21,630,0.2805590741649586,0.005844980711769972,0.002801831843131694,0.005465842886988476,0.07215805165743823,0.006013170971453186,0.003125519628813889,0.005384742341597913,58310.14845228097,12.14794759422517,1.6291920268803768,106.38283607503769,3.2683469523883772,0.03268346952388378,0.0231413008575077,0.10411217782145891,189.59781940397366,1.895978194039736,0.9284403894185252,8.771269263234043,3.309106203199938,0.03309106203199937,0.016204341703837888,0.1530875282224126
2019-09-08_00:34:11_raccoon,0.1,7,60,21,1260,0.4000539408556328,0.008334457101159015,0.0068536940380317,0.005489575262342145,0.11505161731911956,0.009587634776593296,0.00842856090816751,0.0054865736052373765,9979.418641780496,2.0790455503709357,1.454249458466351,1.8338375109758325,0.9321322975867329,0.009321322975867328,0.010054092124444053,0.005366147912813343,304.6986279172173,3.0469862791721734,3.0822541263099503,0.7859491654334653,5.317994283464291,0.053179942834642925,0.05379548288729187,0.013717400690115613
2019-09-08_00:34:11_ferret,0.1,7,90,21,1890,0.30616103379254095,0.006378354870677936,0.006939231794299523,0.0030423189726446185,0.08073744316438243,0.006728120263698536,0.006831563838423431,0.0029746368617754753,7666.26852791851,1.5971392766496904,1.5194126086294688,0.7627955269314981,3.5842985403679752,0.035842985403679764,0.03639460122768039,0.004354270231210123,97.54803991133414,0.9754803991133421,0.9985639825012831,0.26712791096829086,1.7025344753188563,0.01702534475318856,0.017428229286474396,0.004662261570373557
2019-09-08_00:34:11_louse,0.1,7,120,21,2520,0.21915038823890912,0.0045656330883106075,0.004884883544295015,0.0018875023023348799,0.05542831575389309,0.004619026312824425,0.0048797306145407695,0.0018564327402166446,5622.937887529758,1.1714453932353694,1.0949281670296869,0.613493753165714,2.477827703754838,0.02477827703754839,0.024664287215662432,0.005100269652578953,100.86989082145242,1.0086989082145237,0.9225595260209679,0.30593690175112714,1.7605117109609514,0.017605117109609505,0.0161017012746904,0.005339606238909101
2019-09-08_00:34:12_porcupine,0.1,7,240,21,5040,0.20526434280619965,0.004276340475129159,0.0041161971137630236,0.0011703508525425048,0.05293268506003835,0.004411057088336529,0.004186175680603753,0.0012954397306305318,4557.500619319272,0.9494792956915118,0.8818963920939035,0.48849340610688097,2.3987126959190226,0.023987126959190225,0.023404402066248588,0.005413149495875897,88.58515443956654,0.8858515443956655,0.8751176461180585,0.24070712687543128,1.5461026133572566,0.015461026133572569,0.015273684267048154,0.004201131896996398
2019-09-08_00:34:12_barracuda,0.1,12,30,66,1980,0.14147949608733124,0.002947489501819401,0.0016055724645537227,0.002335746633527598,0.03593116260569446,0.0029942635504745384,0.0016360976565202826,0.002312527640610059,5176.9082115254,1.0785225440677928,0.8081799987903383,0.8232873669115748,1.0098865926704943,0.010098865926704946,0.00929370699127338,0.004874736718542976,60.61896113762492,0.6061896113762493,0.5263989649878816,0.27285004118557005,1.0580004609886275,0.010580004609886277,0.009187395118068487,0.0047621315828956495
2019-09-08_00:34:12_nightingale,0.1,12,60,66,3960,0.27842931303842366,0.005800610688300493,0.005213876816893802,0.0034129370303684755,0.07075775917760693,0.005896479931467246,0.005426970999101591,0.003415287879485039,8458.298389719906,1.7621454978583164,1.6384995702816818,0.9551537264205002,3.5160332711528337,0.035160332711528346,0.03555792994152114,0.004831771326641298,79.4481282058491,0.794481282058491,0.8136652947680407,0.2814732799753758,1.3866314217377085,0.013866314217377084,0.014201138402904545,0.004912635491963234
2019-09-08_00:34:13_crow,0.1,12,90,66,5940,0.15398056177309738,0.003207928370272862,0.0021774486152248878,0.002552402793479204,0.038778259793897436,0.003231521649491453,0.0021338528178679564,0.002589261034156879,4839.520386729331,1.0082334139019427,0.8997090606614859,0.6265122154204882,1.7580368419828392,0.017580368419828393,0.01863150691553345,0.003951595223742462,65.65212372060306,0.6565212372060306,0.6838144347327217,0.18010307751542287,1.1458457198503365,0.01145845719850336,0.01193481335874054,0.0031433916956167354
2019-09-08_00:34:13_louse,0.1,12,120,66,7920,0.396718996885936,0.008264979101790334,0.00654447897738441,0.007708974394434371,0.10815683589762766,0.009013069658135638,0.0073186679760603056,0.007829660762740966,168453.9834614155,35.094579887794744,1.5640099789462196,389.8393274971311,9.270826885496321,0.09270826885496324,0.008685233071358406,0.3862922010522468,1278.0755604542555,12.780755604542565,4.200153198037498,37.70616008164932,22.30662661919844,0.22306626619198439,0.07330650239392225,0.6580966417088352
2019-09-08_00:34:14_goose,0.1,12,240,66,15840,0.1235121621450833,0.002573170044689235,0.0023698391927399563,0.0012610061915304255,0.03163002953992483,0.0026358357949937358,0.0025177739849610746,0.0012674351488311665,3036.489271914216,0.6326019316487901,0.5397590224150031,0.38542827686683334,1.5289725928995819,0.015289725928995827,0.015243978576007755,0.0013531107627405674,44.10448572499011,0.4410448572499011,0.4269861501879745,0.09804603771697683,0.7697684907981349,0.007697684907981351,0.007452314181180244,0.0017112261767084148
2019-09-08_00:34:14_chough,0.3,3,30,3,90,0.9410280760252479,0.019604751583859333,0.014216409144926997,0.016408020280763182,0.24026002356640608,0.02002166863053384,0.014955271144272591,0.016113633808682207,1174664.191772692,244.72170661931042,5.5764729405408975,908.4120726196136,53.300655208278656,0.5330065520827866,0.058858669758107524,0.7565068813803733,5220.21378871424,52.20213788714237,3.9475822361046276,76.04508950543563,91.10991827107009,0.9110991827107013,0.06889830751326109,1.3272371918436279
2019-09-08_00:34:14_giant-panda,0.3,3,60,3,180,0.9338089445249556,0.019454353010936582,0.018340022494612678,0.007151701757724751,0.25234961686073987,0.02102913473839499,0.019682234462874086,0.006952078418237959,538931.9879084242,112.27749748092164,4.441700084281704,555.9381917653006,16.168267953364897,0.16168267953364895,0.06329556621382487,0.3301773306000763,1687.0414938802762,16.870414938802764,7.234682118311117,32.916716215785286,29.444428685974493,0.29444428685974505,0.12626902329968426,0.574505076910062
2019-09-08_00:34:15_prairie-dog,0.3,3,90,3,270,0.618465799475204,0.012884704155733418,0.009930614504181853,0.008978543191491998,0.15285001827102065,0.012737501522585055,0.00916662602282806,0.009286599551008539,1072561.6652916353,223.45034693575698,3.9067840822875635,984.9427517961323,18.60025142289212,0.18600251422892122,0.0635259430046321,0.32865871893223064,1282.249150964743,12.82249150964743,2.564293317703166,29.32665085022524,22.379469515236234,0.22379469515236242,0.04475536138080923,0.5118466159192262
2019-09-08_00:34:15_turtle,0.3,3,120,3,360,1.0656455355884389,0.022200948658092478,0.0192645238755006,0.011691007682335552,0.26894273042438305,0.022411894202031924,0.018393532289352463,0.012130511006364747,2146703.0158832557,447.22979497567906,7.174640827886979,1444.9526986145995,34.16610231788684,0.3416610231788685,0.12574181012590457,0.3930699047069763,1802.479679021336,18.024796790213365,4.5636875340148055,27.186058358989072,31.459205099212706,0.3145920509921271,0.07965137350077767,0.47448622900368675
2019-09-08_00:34:15_silver_chariot,0.3,3,240,3,720,0.609324652093371,0.012694263585278564,0.010165398833305552,0.006984660973404279,0.1696870179969205,0.014140584833076704,0.012135605022529007,0.006902026691793203,623461.6691120123,129.88784773166984,2.7557536157587226,729.2423821755696,13.680743871949613,0.13680743871949613,0.047551953871978817,0.30914669775422904,877.906818848391,8.779068188483906,3.338592762299407,22.344502997794084,15.322364514613737,0.15322364514613743,0.05826943608537896,0.3899851470332509
2019-09-08_00:34:16_crab,0.3,5,30,10,300,2.185280545715807,0.04552667803574598,0.03703793028308179,0.02830069965149112,0.5237941440113277,0.043649512000943975,0.03716572574227578,0.027832816417357097,6330887.040994018,1318.9348002070856,686.2953414804449,2002.4081168844784,107.46194571411786,1.0746194571411787,1.0928327901613057,0.49109391517146156,8179.884841825069,81.79884841825067,55.411556906304824,61.63968370695121,142.7659229238231,1.4276592292382304,0.9671141116712223,1.0758154305742034
2019-09-08_00:34:16_gnat,0.3,5,60,10,600,0.9386230284662496,0.019554646426380193,0.01829456464095941,0.00909431138879829,0.24124476372726292,0.020103730310605243,0.019118574708266875,0.00897799972849997,2141024.257900822,446.0467203960059,6.457701738987518,1715.8991936870661,28.34081504261461,0.2834081504261461,0.05848319664942119,0.5061350491432888,2325.3428839719613,23.253428839719607,8.166684364590608,34.42496909387933,40.58488956313115,0.4058488956313113,0.14253553113324402,0.6008290555854835
2019-09-08_00:34:16_porcupine,0.3,5,90,10,900,0.5511908997007038,0.011483143743764662,0.010306044614372303,0.00532284575672088,0.13228476440687859,0.011023730367239882,0.009840131626662533,0.005209769034254199,13832.102074448758,2.881687932176811,2.54565337007303,1.9689210060603575,5.447586208232456,0.054475862082324564,0.05438481205713604,0.006287917572553194,251.65591306589255,2.516559130658925,2.5070563764422755,0.5283400197998922,4.3922242651121115,0.04392224265112113,0.04375638830203864,0.009221272915560394
2019-09-08_00:34:17_eel,0.3,5,120,10,1200,0.40653297994360926,0.008469437082158528,0.007431876111959121,0.003566426648058892,0.10085470371993799,0.008404558643328166,0.007009033211481138,0.0034541799312077614,10417.568881740764,2.1703268503626574,2.046072815678408,1.136469967649343,4.546212851337646,0.04546212851337648,0.045376457610196014,0.005334240962018706,232.44720938942484,2.3244720938942494,2.314065332658914,0.3310922272630658,4.056969140917809,0.040569691409178085,0.04038805916115043,0.005778649493502318
2019-09-08_00:34:17_manatee,0.3,5,240,10,2400,0.5074514398127257,0.010571904996098449,0.009844549475527868,0.0031218493732519735,0.12750726629646864,0.01062560552470572,0.009724370970784046,0.0030653432937344537,11382.478176331231,2.371349620069002,2.3132057037906297,1.1160799712521283,6.7256834315030485,0.06725683431503046,0.0649979916168645,0.007152895534162645,149.9625344297087,1.499625344297087,1.4610745503667795,0.2644621536839264,2.6173399804332123,0.02617339980433212,0.025500561520987317,0.004615735328700773
2019-09-08_00:34:17_dolphin,0.3,7,30,21,630,0.39800193401362305,0.008291706958617149,0.0053015399003981615,0.007488396857482778,0.10125130787897112,0.00843760898991426,0.004702418574024456,0.007872679808205493,63660.60493127149,13.262626027348222,2.338360941644543,126.04736635710952,3.523423865790979,0.03523423865790978,0.027340250976229007,0.08845865625990608,261.8683255047015,2.618683255047015,2.0012780923622113,7.559636986902668,4.570464486740875,0.04570464486740875,0.03492889195975177,0.13194055567699564
2019-09-08_00:34:18_tarsier,0.3,7,60,21,1260,0.5042485985822772,0.010505179137130777,0.007883886344637497,0.0073388051178616895,0.12719016537435468,0.010599180447862892,0.00816096699490341,0.007381591260054593,15182.378588994756,3.162995539373897,2.5824012878226705,2.2195393837219997,11.861259172021441,0.11861259172021436,0.05935522275914215,0.35088473890999444,707.3630431335641,7.073630431335641,1.719063005776737,30.27473502477869,12.34581410960695,0.12345814109606952,0.0300033095000343,0.5283938063512365
2019-09-08_00:34:18_stinkbug,0.3,7,90,21,1890,0.3725586195062755,0.0077616379063807405,0.006796385826465101,0.004409425711672917,0.09368489019395386,0.007807074182829488,0.0073200164664508245,0.004448914931586785,9813.850851224946,2.0445522606718654,1.849885203452212,1.1470432797631416,4.385176628437776,0.043851766284377744,0.04396524747130251,0.0038948994352522555,120.4080507085588,1.2040805070855882,1.1932769043281803,0.246373854213166,2.1015169307720876,0.021015169307720877,0.020826610868526788,0.004300034946849557
2019-09-08_00:34:18_echoes,0.3,7,120,21,2520,0.293125072949912,0.006106772353123165,0.0049626154598319885,0.003469709374074156,0.07367455350199827,0.006139546125166523,0.0050846312673861645,0.003442508859265829,8522.774043987742,1.7755779258307776,1.425884471832128,1.2456114482639413,3.447687563360024,0.03447687563360023,0.03163185768434343,0.009541778099439168,89.33725644239175,0.8933725644239177,0.9041742610691686,0.38421897912434894,1.5592292696172871,0.015592292696172872,0.015780817867436712,0.006705886234377799
2019-09-08_00:34:19_capybara,0.3,7,240,21,5040,0.38722287436863223,0.00806714321601317,0.007884776122784366,0.0032896058939333823,0.0971157924804639,0.008092982706705323,0.008138207909952764,0.00334147883405293,10589.848342151105,2.2062184046148143,2.144257080550363,1.0367051679251895,4.812419992324986,0.04812419992324988,0.04609577286481514,0.008942711469092887,146.08469879366675,1.4608469879366672,1.42478845647318,0.43112080907500794,2.549658980733248,0.02549658980733249,0.024867249709864907,0.0075244775922221376
2019-09-08_00:34:19_mantis,0.3,12,30,66,1980,0.38011715249271,0.007919107343598124,0.006095638358113481,0.004847931477207939,0.09943419666920668,0.008286183055767221,0.0066287739816196616,0.004749028535122421,10940.45865528835,2.2792622198517436,1.825605373235211,1.5662419124971747,2.4907174563320558,0.024907174563320558,0.023015093756727723,0.007636161749877772,196.13778908078868,1.9613778908078865,1.920738180569641,0.6639276880832482,3.423250207041468,0.03423250207041467,0.03352320531970891,0.011587724152208797
2019-09-08_00:34:19_vulture,0.3,12,60,66,3960,0.42813547739834473,0.008919489112465519,0.00919036312281117,0.0028334836837284917,0.10778569572003216,0.00898214131000268,0.008911010001857223,0.002807047957106782,10245.294477253527,2.1344363494278102,1.997294083474374,1.047985381049244,5.704935679749738,0.05704935679749738,0.055675601436949614,0.009455224355209992,137.12321296685556,1.3712321296685561,1.2827345719362473,0.3948647841921767,2.393251547184362,0.02393251547184362,0.0223879417094277,0.006891690584332955
2019-09-08_00:34:20_porcupine,0.3,12,90,66,5940,0.4052925196577391,0.008443594159536232,0.007769107263594589,0.0028702236092885414,0.10237473134723958,0.008531227612269964,0.008026547976238654,0.002782061816382931,9789.01955817658,2.03937907462012,1.8406460679511132,1.2055620599669126,4.767603392428149,0.047676033924281505,0.04650840532084562,0.0069292986740021115,153.34993135500125,1.5334993135500128,1.5731373168432563,0.3996485966753937,2.676461209851629,0.026764612098516292,0.02745642576490402,0.0069751838629617605
2019-09-08_00:34:20_marten,0.3,12,120,66,7920,0.34797608854887696,0.007249501844768272,0.007113586571882719,0.001613008805258274,0.08951904640735175,0.0074599205339459795,0.007189910530683716,0.0015687966920212855,8025.087577811961,1.67189324537749,1.6440169348885476,0.8037940933388157,4.353507026987134,0.043535070269871336,0.04332098433289717,0.004845263332535956,99.43396563166723,0.9943396563166722,1.0018782373811166,0.29597196425172956,1.7354500885863313,0.017354500885863308,0.017486073946358757,0.005165685269790002
2019-09-08_00:34:21_ox,0.3,12,240,66,15840,0.4224761546916494,0.008801586556076029,0.009244289101354096,0.002772113142036417,0.1060908541676093,0.008840904513967442,0.008924000640717668,0.002740087768641101,9815.93536352361,2.044986534067419,2.0010111707101403,0.8206496931534283,5.943326430484399,0.05943326430484401,0.05804136013650202,0.005356227703296692,105.01653818954121,1.0501653818954122,1.0120782917301363,0.3015531471508333,1.8328843604533742,0.018328843604533743,0.017664098478638004,0.005263095287533861
2019-09-08_00:34:21_quail,0.5,3,30,3,90,6.09970515414439,0.1270771907113414,0.10238284551782346,0.06549375099265806,1.2947304830014532,0.10789420691678775,0.08635599772497002,0.07379800210076899,10352589.905267397,2156.789563597373,1409.7294823737589,2287.5524035291373,95.71502931793765,0.9571502931793772,0.9322225432388755,0.06375236977315314,13964.961331003782,139.64961331003784,145.26770378399473,29.673828460880618,243.73455513970572,2.437345551397057,2.535399727842533,0.5179060083143681
2019-09-08_00:34:21_curlew,0.5,3,60,3,180,1.2000231020361036,0.02500048129241882,0.021860310760620384,0.013431185552382348,0.3109470869644341,0.025912257247036177,0.021063539729188042,0.013958165436733542,2833560.8523038314,590.3251775633005,5.749755915958881,2017.6035387687707,31.528332112714583,0.31528332112714585,0.052693056489827444,0.46802742414853477,2569.079325087021,25.6907932508702,11.044040984731613,29.838418960899364,44.838892967682234,0.4483889296768222,0.19275487790876167,0.5207786544571994
2019-09-08_00:34:22_ape,0.5,3,90,3,270,1.298799865035171,0.027058330521566063,0.022886498751996026,0.014434307581111049,0.32782272766419734,0.027318560638683112,0.022604214641129883,0.014098977752672744,1666502.597666984,347.1880411806211,6.356666204646738,1058.295733832241,33.22503674065187,0.33225036740651875,0.09728299294484395,0.4222409894697617,2683.4069235770785,26.83406923577078,10.644826861864928,35.669584233716115,46.834285987231816,0.468342859872318,0.1857872770442774,0.6225516876958052
2019-09-08_00:34:22_quelea,0.5,3,120,3,360,0.9726105433074329,0.020262719652238182,0.016035537882019807,0.010205571953613202,0.2551411965083507,0.021261766375695892,0.016305800218395977,0.009894855046297082,1526573.583510531,318.0361632313604,5.949252828040627,1211.5784727944056,30.021961320643832,0.3002196132064383,0.06739751242231587,0.48237671988596725,2049.798839191985,20.497988391919844,4.421784870686251,41.25517364251998,35.775738747457794,0.3577573874745779,0.07717470480834245,0.7200386135439558
2019-09-08_00:34:23_anteater,0.5,3,240,3,720,0.857002711744898,0.01785422316135204,0.015722905526144672,0.00654558611289986,0.2154737494077716,0.017956145783980967,0.016210228997829243,0.00626428373236268,1202621.8557476224,250.54621994742178,5.382792914184483,935.8178143173502,32.60291045649426,0.3260291045649425,0.09980895697032394,0.465486600681268,1674.823727723797,16.74823727723797,3.327625785694851,36.21185489521091,29.231188439305093,0.29231188439305095,0.058078026234632665,0.6320160961758565
2019-09-08_00:34:23_toad,0.5,5,30,10,300,1.4504656864847945,0.030218035135099897,0.026229542895363056,0.012081540374908073,0.3772280838461387,0.03143567365384489,0.026801512754056532,0.011923415264767714,2672872.067970416,556.8483474938383,12.088927654741383,1207.5119610661686,65.14355074102659,0.651435507410266,0.14532662990569728,0.6313166058439262,5269.005276528681,52.69005276528683,8.881167023211269,65.31764729986571,91.96149038037979,0.9196149038037982,0.15500560597458102,1.140008005039041
2019-09-08_00:34:23_red-panda,0.5,5,60,10,600,0.7568005122969398,0.015766677339519582,0.014438125394924922,0.007681993524869115,0.18456584030572548,0.015380486692143787,0.015294813364109386,0.008069966816263726,1584091.8822673063,330.0191421390222,4.741328099365127,2459.3350089701903,20.26400641503118,0.2026400641503117,0.06530155279848597,0.3363714372639077,1729.0482884167236,17.290482884167233,4.135456552243194,38.35943671860281,30.177585558844182,0.3017758555884418,0.07217733290981815,0.6694984699500299
2019-09-08_00:34:24_lark,0.5,5,90,10,900,0.9062046639275557,0.01887926383182408,0.015713219304398625,0.010431475038720056,0.23374365724038712,0.019478638103365593,0.01691958695992165,0.010832159104788066,2997992.7109859735,624.581814788745,5.283407209965075,1968.537182655927,36.59587076578314,0.36595870765783123,0.08698973554429151,0.4378451284980813,2530.801754086429,25.308017540864288,5.551702812706615,33.09014887061598,44.17082332405596,0.4417082332405596,0.09689549317395821,0.5775320477673325
2019-09-08_00:34:24_caterpillar,0.5,5,120,10,1200,0.8965423763381936,0.018677966173712365,0.016254557348063914,0.009647349358281047,0.23453832680324854,0.019544860566937376,0.0180066495122497,0.010187421459084127,604818.6859819303,126.0038929129021,3.9041301322583144,1007.5743585902737,14.012348552305772,0.14012348552305773,0.08676779848725594,0.22052948156800026,1010.8730227412553,10.108730227412554,5.93561615472331,17.274257801959493,17.643062566422334,0.1764306256642233,0.10359604503448695,0.3014926744825118
2019-09-08_00:34:25_squirrel,0.5,5,240,10,2400,0.8149620790706912,0.01697837664730607,0.015149337400228675,0.0057300609050194825,0.20484597898148854,0.01707049824845738,0.015986073683787023,0.005593876621802641,528362.8748816857,110.07559893368433,3.9187805095466186,537.9868130475638,16.06896716486829,0.16068967164868295,0.09519770193912103,0.24282452013508207,937.362176445015,9.373621764450151,3.9118455624041655,22.726003695586446,16.3600562626254,0.16360056262625403,0.06827458489347873,0.3966435903083836
2019-09-08_00:34:25_louse,0.5,7,30,21,630,1.628209077435683,0.033921022446576736,0.029536852844264556,0.013837538314937305,0.404040828095745,0.03367006900797875,0.02785559611389775,0.013179049881912803,3136693.111334656,653.4777315280538,12.433045145574106,1775.219888644241,77.08135155607961,0.7708135155607966,0.9138934453853291,0.7606631600121371,7978.293311756688,79.78293311756688,45.13947379630834,74.44223314332106,139.24748697999655,1.3924748697999656,0.7878324403632845,1.2992620708882001
2019-09-08_00:34:25_loris,0.5,7,60,21,1260,1.3123041210733897,0.027339669189028953,0.025886696972080438,0.010033692130688492,0.35020254662782513,0.029183545552318765,0.026497422438358835,0.010081962949254054,2108324.474229255,439.23426546442926,7.66576546425329,1334.0389623684205,40.59753695599803,0.4059753695599803,0.15387164811582416,0.39006387347599264,2670.931984332275,26.709319843322746,6.05521973533531,40.80416746964321,46.61655722342375,0.4661655722342374,0.10568352131333764,0.7121670708804376
2019-09-08_00:34:26_manatee,0.5,7,90,21,1890,1.1925472770844145,0.024844734939258633,0.023979164783546628,0.011629884763353412,0.2911772601140152,0.02426477167616793,0.025625530782225,0.011136522851143714,1034763.6357437416,215.57575744661327,4.418491988437578,1076.7788233294928,19.375704465652415,0.19375704465652416,0.08496297905184155,0.29408792202031947,2210.8321258959913,22.108321258959915,10.014721953223237,36.86773523481844,38.586299805750805,0.3858629980575083,0.1747898717555011,0.6434633676011068
2019-09-08_00:34:26_crocodile,0.5,7,120,21,2520,1.2280052600306886,0.025583442917306003,0.02281976777651728,0.008654306241565775,0.30564350333873613,0.02547029194489468,0.023980265819524824,0.008368699321628939,1025045.1237371644,213.5510674452433,5.055875116366531,1417.971335896456,27.34282254225737,0.2734282254225736,0.11787769257913287,0.40253034115126396,2684.1680693746957,26.841680693746966,7.833547127396253,50.17666173667664,46.84757048748798,0.46847570487487983,0.13672118948320833,0.8757479549644651
2019-09-08_00:34:27_tiger,0.5,7,240,21,5040,0.7925731194755525,0.01651193998907401,0.017433394940474044,0.005387456379267944,0.2000608783651266,0.016671739863760547,0.017992291115802694,0.005588758204515348,782048.8790474597,162.92684980155386,4.361568577763576,714.7097925191385,20.302446434528186,0.20302446434528185,0.08800862716989366,0.3224102584977539,990.2794557768843,9.902794557768843,3.805532358066528,19.441312536934785,17.283637018164026,0.17283637018164025,0.06641906943944467,0.3393149146787643
2019-09-08_00:34:27_narwhal,0.5,12,30,66,1980,0.7100624846550908,0.014792968430314394,0.012631165243279174,0.007348985027559596,0.1763165049336669,0.014693042077805576,0.01245879512864937,0.006987907580035449,834516.3402372624,173.85757088276287,4.454274976878027,778.2974286163721,27.688523702467002,0.27688523702467,0.07093620136054005,0.5278822927874061,1784.6511318257444,17.846511318257445,2.4681683286948535,43.86141038055151,31.148038249802326,0.3114803824980233,0.043077663829170776,0.7655260257090435
2019-09-08_00:34:28_horse,0.5,12,60,66,3960,0.9502906303494135,0.01979772146561278,0.01803480764883555,0.008099496192514781,0.24907906612085204,0.02075658884340434,0.01920242106651971,0.00793937737028582,1422834.8761565855,296.42393253262173,5.306210905528722,968.3344810809139,43.22278310821992,0.4322278310821991,0.10618575618475191,0.6015158212434548,3167.727491185479,31.677274911854774,6.576526584279522,52.66734739305099,55.287274527126165,0.5528727452712615,0.11478204224061206,0.9192186203003925
2019-09-08_00:34:28_moose,0.5,12,90,66,5940,0.7944287116489389,0.01655059815935289,0.011911972438608334,0.010495943979707182,0.20076683903681994,0.016730569919734994,0.012675070907876469,0.010504930501846676,2675847.132562155,557.4681526171173,5.414039067957205,2366.6207843473026,31.203819955876323,0.3120381995587631,0.0484691910073715,0.5193799013385476,2645.9630907330984,26.45963090733099,5.492544433460489,45.23549481700545,46.18076781953781,0.46180767819537827,0.09586298467597215,0.7895083233255761
2019-09-08_00:34:29_capybara,0.5,12,120,66,7920,1.5118975105717798,0.031497864803578746,0.029061113204175176,0.021684191652084236,0.3974260241451571,0.03311883534542976,0.030064809312071644,0.0219500648335423,5875779.690380443,1224.1207688292575,630.1517308636835,2064.935767745194,92.14731719146721,0.9214731719146719,1.0305997835902931,0.5184537413067112,5515.002883748201,55.15002883748203,41.96456120336292,47.50636747662501,96.25495857838818,0.962549585783882,0.7324197621533564,0.8291425281294575
2019-09-08_00:34:29_elk,0.5,12,240,66,15840,0.7523435175629049,0.015673823282560517,0.01475493009646765,0.004454488247852611,0.189948561574519,0.015829046797876584,0.014737044016334327,0.004516395169902359,301710.68496409623,62.85639270085349,3.5513285509105375,712.4045480509754,12.049320505127765,0.12049320505127774,0.08867102565703999,0.16358021925663127,460.53870976108425,4.6053870976108415,3.0180330510697697,10.194533566813472,8.037916818217184,0.08037916818217183,0.052674613675177645,0.17792817644597686
2019-09-08_00:34:30_gazelle,1,3,30,3,90,2.710196644589866,0.05646243009562223,0.05272291906576336,0.027183576353955602,0.6148918602210034,0.05124098835175029,0.04164003508415323,0.02557261308617346,8920494.30949453,1858.4363144780339,1057.5369791448982,2506.359095399626,102.33560089104208,1.0233560089104208,1.0596303953265567,0.07660130945481669,9580.860044930296,95.80860044930296,86.79509248351295,49.781017258535364,167.21755295680555,1.6721755295680552,1.514860138410283,0.8688426561535635
2019-09-08_00:34:30_clam,1,3,60,3,180,2.4840337405781736,0.05175070292871194,0.04486995313513767,0.03081050203125342,0.6303132108996412,0.05252610090830343,0.04212851059545439,0.031942372398095734,6884333.670731186,1434.2361814023272,688.8499747282987,2496.85215504424,79.7445639059482,0.7974456390594825,0.9844711954337813,0.4040912328745761,6803.44238966459,68.03442389664589,55.451958596942745,48.35813611773732,118.74247016939805,1.187424701693981,0.9678192541962259,0.8440086953821044
2019-09-08_00:34:31_bat,1,3,90,3,270,2.509380836181322,0.05227876742044421,0.05093701435890051,0.023483407670921295,0.6044240651975823,0.05036867209979851,0.04342501836201246,0.020021783323527085,2215741.090508398,461.6127271892492,7.618652267274356,1367.279980374446,38.760000793981604,0.38760000793981597,0.10316999860128936,0.45323097351265745,4377.226821539585,43.77226821539583,29.694169423622007,33.25593032144452,76.39702014247196,0.7639702014247196,0.5182610250872313,0.5804254799230234
2019-09-08_00:34:31_jellyfish,1,3,120,3,360,1.9006382989975235,0.03959663122911508,0.03995085335002278,0.01422245949216926,0.4977328619695741,0.04147773849746451,0.04334541023153675,0.01473756787698877,5954603.546951662,1240.5424056149245,527.9375994864376,2229.9180532235555,73.28812499584127,0.7328812499584125,0.9578420187746137,0.4239694952897347,4409.210970907029,44.092109709070286,30.65646686199984,37.2761282204897,76.9552488573835,0.7695524885738352,0.5350562837704314,0.6505911698431204
2019-09-08_00:34:31_red-panda,1,3,240,3,720,1.433898969951931,0.029872895207331888,0.029014476462818496,0.005821710816291503,0.3555741328285852,0.02963117773571543,0.02961450280444185,0.005020148368529112,4545153.163296224,946.9069090200454,353.8029803223412,1919.6577164640782,66.78808499295229,0.6678808499295228,0.9248118835153523,0.424979754619554,3323.842663741334,33.23842663741335,27.848500813922143,33.58840664855857,58.01199830054494,0.5801199830054492,0.4860480309472611,0.5862282865161016
2019-09-08_00:34:32_tiger,1,5,30,10,300,2.866416347598139,0.05971700724162787,0.048349413484305354,0.03552302382161581,0.7168471913879112,0.05973726594899261,0.04654325925472121,0.0349724252458643,6854660.356706642,1428.0542409805519,593.3788666509461,2464.2903288080274,77.9613591244514,0.7796135912445138,1.067207474239662,0.5217455663178686,6286.577408349153,62.86577408349151,41.4389324978699,42.47536484479787,109.72147445718471,1.0972147445718472,0.723245810599508,0.7413349675275731
2019-09-08_00:34:32_raccoon,1,5,60,10,600,1.9100371995677856,0.03979244165766219,0.03783828974683867,0.017872917493186164,0.46426235785574055,0.03868852982131171,0.0383261082795739,0.01706742246986663,5237796.406277995,1091.207584641249,411.21053894731585,2080.9559653648307,69.06878760374093,0.6906878760374093,0.9143584490472845,0.4563383508862687,5231.454081897848,52.314540818978465,39.34134793346459,41.445142864622945,91.30609839601448,0.9130609839601448,0.6866360536116246,0.7233542019471051
2019-09-08_00:34:33_caribou,1,5,90,10,900,2.213948141592249,0.04612391961650517,0.046723099366176205,0.01797194546575442,0.535112967693747,0.04459274730781226,0.049122335812670045,0.017735595158094603,5722402.530991503,1192.1671939565613,478.7605058383074,2046.0681844115581,76.13759804866862,0.7613759804866863,1.0552260391852335,0.42199400909329043,4242.844500648216,42.428445006482164,29.909825652421407,35.55060911001699,74.05160618644604,0.7405160618644604,0.5220249363322149,0.6204751800592877
2019-09-08_00:34:33_the_hand,1,5,120,10,1200,1.7767794968121668,0.03701623951692013,0.033934604573092796,0.01560798867047614,0.41881454600311496,0.034901212166926245,0.029500974405096192,0.014515698000088118,5046534.8857900435,1051.3614345395945,201.5063004563908,2514.8378749485,68.60337193040955,0.6860337193040955,0.9315940074382105,0.4963675171244402,4934.276289533786,49.342762895337856,30.68043814591202,45.91932382239562,86.11936745545356,0.8611936745545355,0.5354746616006294,0.8014433909902715
2019-09-08_00:34:34_ox,1,5,240,10,2400,1.2932050884099784,0.02694177267520788,0.025087227604662497,0.008071640786535328,0.3253508076329301,0.027112567302744178,0.02434403406527024,0.008138005888952297,5481392.034736734,1141.9566739034863,286.5466402956634,2487.0166552974,62.12651193323821,0.6212651193323819,0.889424213944043,0.4428990061670926,3881.003401070855,38.81003401070854,33.6827242525345,37.62561222153121,67.73628762978431,0.6773628762978429,0.5878744392480727,0.656690816344339
2019-09-08_00:34:34_ram,1,7,30,21,630,3.54865002380802,0.07393020882933372,0.06956522786510322,0.04275078884406159,0.9993706999300138,0.08328089166083448,0.087191516984872,0.04939819709474376,9195991.649542477,1915.8315936546867,974.1249944571854,2557.579826488968,93.39572957791952,0.9339572957791951,1.0233652110712284,0.2494817712745993,8681.492833925096,86.81492833925094,88.95990169562774,39.783080065085244,151.52063394028625,1.5152063394028619,1.5526431868391901,0.6943457337202577
2019-09-08_00:34:35_sheep,1,7,60,21,1260,2.0016673040374378,0.04170140216744662,0.03803137846194869,0.019034476540467207,0.4759596872614392,0.0396633072717866,0.03808660969930314,0.017596372642851885,6522104.163597406,1358.7717007494575,654.0821944763238,2123.7207206348357,76.4880766687176,0.764880766687176,1.0179683083067976,0.41644786987287924,5105.633199345146,51.05633199345144,49.50146440667736,36.53514894488319,89.11010972770474,0.8911010972770472,0.863963538455301,0.6376586417947442
2019-09-08_00:34:35_coyote,1,7,90,21,1890,1.4799498398021442,0.030832288329211338,0.03158775751194837,0.012087367057915693,0.3825653619369284,0.03188044682807737,0.03427927015778526,0.012573520045252003,4953230.48368097,1031.9230174335355,16.28281174282486,2499.69371662421,55.760816808521966,0.5576081680852195,0.1519558377915602,0.440518720567781,3958.5594988242265,39.58559498824227,12.129260676065924,36.4731719287433,69.08989689057933,0.6908989689057932,0.21169553463002272,0.6365769388025414
2019-09-08_00:34:36_viper,1,7,120,21,2520,1.3197316917137503,0.027494410244036465,0.028980802050246633,0.01005380618591389,0.33321130460076376,0.027767608716730313,0.02995723067482057,0.010280541648075838,4533479.045005754,944.4748010428661,109.11944634695851,2251.244010446874,66.21098035169948,0.6621098035169947,0.9397882076052321,0.4765699342022976,4427.786445047938,44.27786445047939,25.013206601573454,46.939646543011406,77.27945204126145,0.7727945204126143,0.43656281167903765,0.8192513818979245
2019-09-08_00:34:37_squirrel,1,7,240,21,5040,49.10941030450126,1.0231127146771095,0.9755699393036499,0.17951368377144186,13.549581836819582,1.1291318197349651,1.0881273729900165,0.19333798035670935,1121763.3914006194,233.7007065417955,31.51510225185269,1208.1329059236325,25681.124738620492,256.81124738620497,1.3454870447462284,2537.4862785259847,10564.72645657398,105.64726456573977,92.517814831879,51.35289366848043,184.38926123976972,1.8438926123976969,1.6147404855667324,0.8962770749415339
2019-09-08_00:34:37_chamois,1,12,30,66,1980,2.365330953700711,0.04927772820209817,0.049038320333021634,0.01477827400647899,0.5748846522876562,0.0479070543573047,0.05076153713042658,0.011964345928716846,6428165.950103004,1339.2012396047908,719.9113716641039,2106.3018855810133,83.15453188312394,0.8315453188312394,1.0157534688197607,0.36383932469354974,5748.548419467786,57.48548419467788,46.02700508875874,41.83106236603673,100.331097130029,1.0033109713002901,0.803322783631025,0.7300897678944306
2019-09-08_00:34:38_ape,1,12,60,66,3960,1.3456217551280318,0.028033786565167324,0.025605426748473575,0.010314297434923347,0.3285703395869031,0.02738086163224193,0.02399063116301515,0.009788311200328569,3385996.343334409,705.4159048613359,10.441320787017489,1684.3033335567607,57.16686141548896,0.5716686141548897,0.1772753568761204,0.5025304705531972,4152.91489738369,41.52914897383692,6.311881172947555,52.11688185275219,72.48203851446777,0.7248203851446777,0.11016310846257649,0.9096111842034086
2019-09-08_00:34:38_fish,1,12,90,66,5940,1.371231765765098,0.02856732845343954,0.030847618005340582,0.007966345543331433,0.343815174969695,0.02865126458080791,0.02947894313905043,0.00773835717799535,5406457.3172820425,1126.3452744337585,474.5151104844494,2379.320185402325,67.32771911881417,0.6732771911881419,0.949086026400338,0.4390395927784614,4421.644607110286,44.21644607110288,53.629389166473295,37.20009486356371,77.17225674712556,0.7717225674712554,0.9360094167883364,0.6492641374234183
2019-09-08_00:34:39_kouprey,1,12,120,66,7920,1.4036959078067388,0.029243664745973702,0.031005384991948146,0.008367171488616165,0.34750801243994167,0.028959001036661814,0.02996202111918851,0.007467020029613724,3739801.9498308036,779.1254062147516,188.70963157089116,1824.9667420410872,66.05972400487025,0.6605972400487023,0.9444316743643684,0.4693148650156614,4310.846938439225,43.10846938439222,27.24906995874435,47.54489688116596,75.23847262528173,0.7523847262528168,0.47558598888636405,0.8298149930975295
2019-09-08_00:34:40_spoonbill,1,12,240,66,15840,1.1431622793875926,0.023815880820574856,0.02357119234915435,0.004974906726362485,0.2868491062634342,0.023904092188619514,0.024644384909936562,0.004390357396315045,1842633.3642585592,383.8819508872012,7.3388628793557835,1158.4124017707165,46.150927108852294,0.461509271088523,0.1448708978526623,0.544244235249277,2322.3650784020447,23.22365078402045,2.939090320395097,44.922056378418105,40.53291705145178,0.4053291705145178,0.05129680310439598,0.7840377905699193
2019-09-08_00:34:40_mule,2,3,30,3,90,31.613370130916493,0.6586118777274267,0.4762402116697162,0.5928894617160063,7.967838766581006,0.6639865638817505,0.4738251699225709,0.5865328330350864,25497765.436474852,5312.034465932265,1918.995790876325,8689.512274762119,159.86123510165865,1.5986123510165862,1.119685497947971,4.246265227510382,12250.663277366797,122.50663277366797,119.9231645532833,30.416279870824898,213.81440974320992,2.1381440974320993,2.0930540708657484,0.5308642299539704
2019-09-08_00:34:40_grasshopper,2,3,60,3,180,2.552297210903788,0.053172858560495605,0.04952810092912781,0.023463628317820884,0.6381038232563557,0.05317531860469631,0.05110564632817541,0.019881380710522648,6507583.960255089,1355.7466583864748,801.8018824704934,1637.1143943381057,100.49264586241313,1.0049264586241309,1.0315697920320357,0.0954146927923912,9937.759905940044,99.37759905940044,107.7945317277029,49.86681225351639,173.44663063133584,1.7344663063133574,1.8813694942939072,0.8703400612977147
2019-09-08_00:34:41_pig,2,3,90,3,270,4.809310585690611,0.1001939705352211,0.09455076869099453,0.03338241408194166,0.914195314081643,0.07618294284013694,0.08333495629118334,0.03907164067941808,1824415.7900640375,380.0866229300076,16.50076971308561,1101.9195054110794,136.05433887664267,1.3605433887664264,1.8952506946193088,0.7805527605903818,14514.1860421841,145.14186042184096,163.57568152648804,36.75573367331007,253.32033468311707,2.5332033468311708,2.8549342188308806,0.6415085715854103
2019-09-08_00:34:41_donkey,2,3,120,3,360,2.668062793251345,0.0555846415260697,0.052223661832468765,0.026162167444281823,0.5774375243707847,0.04811979369756539,0.04955175852126016,0.019759549385509088,6850991.706978409,1427.2899389538381,748.4903319101825,2151.384576405564,91.71356397612517,0.9171356397612517,1.0519939237926528,0.3842943427427441,8585.913312054381,85.85913312054383,88.36569716366604,45.161581577562934,149.85245658616034,1.4985245658616035,1.5422723613261868,0.7882182939364882
2019-09-08_00:34:42_tiger,2,3,240,3,720,2.2895943494399824,0.04769988227999964,0.04875457090771293,0.01638953352539276,0.5326858617937237,0.044390488482810304,0.04631353402220446,0.013121563350739905,4130194.3853357187,860.4571636116062,356.23681563268093,1560.06413229534,77.24808316403693,0.7724808316403693,0.9530424859958915,0.46703674118722865,5427.401815843854,54.27401815843853,38.64551325599383,47.591620242898976,94.72603151519412,0.9472603151519416,0.6744914474402066,0.830630469597371
2019-09-08_00:34:42_lapwing,2,5,30,10,300,2.548226376932314,0.053088049519423204,0.04810502136371571,0.02160448960718297,0.6167292367061421,0.05139410305884518,0.04968928825279838,0.016168011532573152,6040208.059914473,1258.3766791488486,671.7808709043371,1749.3619468566687,88.44135398752752,0.884413539875276,0.9731687289963729,0.33752864591021825,10755.532928010662,107.5553292801066,126.28233935771637,57.850109912627325,187.71946240045236,1.877194624004523,2.204042608912972,1.0096748906159563
2019-09-08_00:34:42_seal,2,5,60,10,600,2.1413874023873802,0.04461223754973709,0.04183099592706777,0.021699438359799435,0.5165358089173644,0.0430446507431137,0.03504695986217793,0.022495453640869367,7864494.393238028,1638.436331924585,1014.8227330790224,2256.076922413602,87.14313285519412,0.8714313285519413,1.0190126509011979,0.3319317043943603,6026.889987916305,60.268899879163015,57.99216173229679,32.58363129481808,105.18907394462079,1.0518907394462074,1.0121541625776374,0.5686916483504388
2019-09-08_00:34:43_cattle,2,5,90,10,900,2.305520237119691,0.04803167160666024,0.04323411679972437,0.022283639428106402,0.5647690946529275,0.04706409122107729,0.04707267032250199,0.020349242631582876,7549913.549010106,1572.8986560437797,893.7882315788348,2040.3148579959886,98.54907005454312,0.9854907005454314,0.9909164873909647,0.08071393141163122,8376.017907508904,83.76017907508901,67.25956737339031,50.057696256004576,146.18909069203616,1.4618909069203623,1.1739009041326154,0.8736716156305183
2019-09-08_00:34:43_grasshopper,2,5,120,10,1200,1.9294795394811626,0.040197490405857544,0.037819492166692364,0.01538490084690608,0.4807515678334444,0.040062630652787035,0.03808698454917671,0.013874820396189005,7052656.121548784,1469.3033586559977,802.1064689746316,2385.7332262723558,87.81257368938003,0.8781257368938001,1.0145391342427335,0.31453857079249525,6107.644051554297,61.07644051554299,57.56011967069907,41.897811552173366,106.59849823946878,1.0659849823946879,1.0046136060956532,0.7312547609655413
2019-09-08_00:34:44_porpoise,2,5,240,10,2400,1.920057288320214,0.04000119350667112,0.03978463486446746,0.014121672905967253,0.4836706407978888,0.0403058867331574,0.039132370317733284,0.01483899190816691,3220387.5863612643,670.9140804919308,17.432912007263766,1281.9567180675863,73.47092187110614,0.7347092187110615,0.9236312670476914,0.524135148955089,5879.95557035431,58.79955570354307,27.600686367322766,61.86766936746239,102.6245845736638,1.0262458457366377,0.4817228529200955,1.0797945309974577
2019-09-08_00:34:44_cormorant,2,7,30,21,630,4.714329676472451,0.09821520159317605,0.09190629552540028,0.03527274075882479,0.9587515475956478,0.07989596229963732,0.06998333672193022,0.02481485623896589,10098557.649437768,2103.866176966196,1245.6475525696535,2557.331463823774,101.20976654518034,1.012097665451803,1.0108995235273042,0.03534680623332726,11976.519820184501,119.76519820184504,125.95045399229524,38.845438448611226,209.02970379257863,2.090297037925788,2.1982501165471886,0.6779808003090643
2019-09-08_00:34:45_kingfisher,2,7,60,21,1260,7797097749.087549,162439536.43932396,40419158.24263742,287931929.42564934,1949364438.6500297,162447036.55416915,40451952.509485416,287933439.29432106,42152463.554187834,8781.763240455799,1915.0700869652526,39498.34816352944,1727991649.2571673,17279916.492571674,14567808.25828821,11344012.079942493,12806.534537582616,128.06534537582615,131.6105291262527,32.009964460009044,223.51619345118615,2.2351619345118614,2.2970370635450053,0.558679273273527
2019-09-08_00:34:45_jellyfish,2,7,90,21,1890,2.4035200946653252,0.0500733353055276,0.04797817087494931,0.01788870089685264,0.6096998031937902,0.05080831693281585,0.050810545832351846,0.019587615138544304,6849938.923235208,1427.0706090073365,567.0110851620882,2410.072320217319,76.87705425277854,0.7687705425277858,0.9086750539355932,0.3883634127006583,5891.882795427221,58.91882795427221,48.16998765093108,43.297479006769564,102.83275392181251,1.0283275392181248,0.8407248851537561,0.7556835664812532
2019-09-08_00:34:46_cheetah,2,7,120,21,2520,1.9789055330278407,0.041227198604746676,0.04271845321592496,0.013339322273274883,0.4982619732064862,0.041521831100540516,0.0459984891347701,0.013120315210174887,7240988.096307147,1508.539186730653,802.1545968210471,2038.6120597395654,90.25225639464993,0.9025225639464994,0.9404027122408409,0.24756923688090687,6445.595067066151,64.4559506706615,56.579516576482376,41.54448758568898,112.49685617060898,1.1249685617060898,0.9874988534463272,0.7250880944241825
2019-09-08_00:34:46_ferret,2,7,240,21,5040,1.886290156688871,0.039297711597684803,0.041033356149222405,0.011283241673204086,0.46304270872273134,0.038586892393560945,0.04177772217992023,0.009171520308728795,5770380.075963893,1202.1625158258112,560.3399409746949,2177.969086613934,77.6093707357064,0.7760937073570641,0.9806780842776212,0.39401914915208125,4440.7330576074,44.407330576074,39.1664931355294,38.072897599498496,77.5054130574041,0.7750541305740413,0.6835842616747455,0.6644974188858944
2019-09-08_00:34:47_toad,2,12,30,66,1980,2.6611247363587376,0.05544009867414037,0.05428706177282293,0.01864979874216491,0.684362185108184,0.05703018209234867,0.05125637554760183,0.02011963552368486,8463240.331279445,1763.1750690165477,900.3249214082703,2576.523566052182,94.56542334619093,0.9456542334619098,0.9685560701929588,0.21429598092186022,8055.5911865856715,80.55591186585673,66.15021354092337,44.4514449692954,140.59658940055678,1.4059658940055677,1.1545390271864497,0.7758240719832736
2019-09-08_00:34:47_donkey,2,12,60,66,3960,2.532770670844233,0.05276605564258818,0.0500834687341415,0.016074355712341577,0.5941566795390206,0.04951305662825173,0.05345955336973082,0.011180030516349687,7659334.81484905,1595.6947530935506,997.4495837286033,1817.5750908900784,102.3250082212184,1.0232500822121837,1.0716482058942987,0.16521451425692663,8419.533087196474,84.19533087196474,74.83754755197361,50.48198001621909,146.94857385218137,1.4694857385218136,1.3061616088997619,0.881076764209004
2019-09-08_00:34:48_ibis,2,12,90,66,5940,2.0496655842294964,0.04270136633811452,0.041574334915819314,0.013214989001717239,0.4932831202865284,0.041106926690544034,0.03890725415848567,0.007046025951184221,5276912.770048398,1099.3568270934152,408.78621902819805,1952.051474083734,70.80594625302395,0.7080594625302393,0.9295820669265011,0.41922590465511295,5005.839117395362,50.0583911739536,40.33599428380545,34.03834270171951,87.368374423676,0.87368374423676,0.7039959073180171,0.5940811520671876
2019-09-08_00:34:48_fish,2,12,120,66,7920,1.9667360643067084,0.04097366800638976,0.04128613413156871,0.011733808595559411,0.48288783625757326,0.040240653021464436,0.04010260242849559,0.010780084701331065,4544069.887781232,946.6812266210878,411.30231491100346,1613.6443965740104,76.29985937913554,0.7629985937913554,0.9334888091051159,0.4426412889770731,4793.511690304592,47.9351169030459,40.464408856185216,40.012234842489235,83.66256172865387,0.8366256172865383,0.7062371644135849,0.6983452390826319
2019-09-08_00:34:49_cockroach,2,12,240,66,15840,1.7773068250688315,0.037027225522267324,0.037012280702814065,0.007170389343090899,0.44590395334683997,0.03715866277890333,0.03664933507678677,0.006959863479182095,5907985.578302549,1230.8303288130326,688.3657762836037,2054.5683425057473,84.7870052630501,0.8478700526305009,1.029938985177937,0.43304708293974836,4692.99759021911,46.92997590219108,49.953179243258845,31.78164001241983,81.908259737483,0.8190825973748299,0.8718474496337559,0.5546942599002985
2019-09-08_00:34:49_cheetah,3,3,30,3,90,7.224810061692955,0.15051687628526997,0.12936444305305683,0.08508432577536114,1.4267835809846925,0.11889863174872438,0.10672433440990338,0.06532615225578497,4050947.0285612014,843.9472976169164,376.46602007511274,1278.672440046879,141.91442589721703,1.4191442589721701,1.227534105352075,1.6263921035639326,11879.516639516669,118.79516639516667,116.51898531126633,28.871431791437676,207.33667890501832,2.0733667890501817,2.0336399347645076,0.5039015445255522
2019-09-08_00:34:50_raccoon,3,3,60,3,180,4.397233757403936,0.09160903661258198,0.09500399024521153,0.035053302139210846,0.9021648204794517,0.07518040170662098,0.07567694843382344,0.02099830555901884,8820844.822240975,1837.6760046335344,923.7857762436946,2406.8710699854882,96.18370120472893,0.9618370120472894,0.9666789410500318,0.16683447936786291,10040.330768849146,100.40330768849142,96.44289546284384,45.41022894127146,175.2368299057112,1.7523682990571126,1.6832460659833255,0.7925580091096058
2019-09-08_00:34:50_hippopotamus,3,3,90,3,270,2.757207945982615,0.057441832207971145,0.05600759233060963,0.013092690104864612,0.7285346301408817,0.06071121917840681,0.05573693276917742,0.012529662714344211,6897131.295782537,1436.9023532880276,748.1145406133178,2130.6252035301163,101.45268604048475,1.0145268604048479,1.097299449004662,0.27932218079955223,8230.407094512662,82.30407094512661,74.98468298555241,41.75326752096196,143.64770257874596,1.4364770257874602,1.308729606662061,0.7287319917067968
2019-09-08_00:34:51_whale,3,3,120,3,360,4.233654093197465,0.08820112694161387,0.08568425989312177,0.033280939370414944,1.0220359657786908,0.0851696638148909,0.07751945424501652,0.033840331614365254,4397707.225190998,916.189005248124,398.88115725528587,1554.3121482303075,75.63980820415252,0.7563980820415255,0.8914388024545573,0.4384919814374019,9542.095824914846,95.4209582491485,89.00822673172829,39.379469753855,166.54098968556852,1.665409896855685,1.55348661783029,0.6873014048942907
2019-09-08_00:34:51_eland,3,3,240,3,720,96557.36217257056,2011.6117119285534,479.1652976230555,3448.8000412936794,24101.347572654246,2008.4456310545204,476.6896319757836,3450.295428426078,194914.3530164839,40.607156878434246,39.032236319308524,18.322041686014472,7411599283.850498,74115992.83850498,621.4313761124691,727279854.0318074,14299.180539835397,142.991805398354,146.89997637077744,27.707350138564475,249.56778075722806,2.4956778075722803,2.5638882587719367,0.48358448692085954
2019-09-08_00:34:52_baboon,3,5,30,10,300,6.659638240396406,0.1387424633415918,0.13019027784994497,0.06977824831624727,1.571016294679501,0.13091802455662507,0.12712156695091878,0.06949934463252748,10241214.963773519,2133.586450786154,1081.0329258584052,2831.8129149336837,93.66035925703143,0.9366035925703144,0.9502544834816264,0.22203001709903328,11502.405887608804,115.02405887608802,118.56166142925767,31.055751060595753,200.75485463955445,2.0075485463955447,2.0692913585753123,0.5420251076871169
2019-09-08_00:34:52_pelican,3,5,60,10,600,4.263012563442863,0.08881276173839299,0.08669068264406501,0.029667019032249838,0.8671636918381196,0.07226364098650996,0.07989439663619677,0.023963637184281038,131995.3179392601,27.49902457067915,14.40451625310818,135.70168879098165,67.62549894156004,0.6762549894156002,0.20944259971669346,0.7846388148606689,8492.528236997508,84.92528236997506,61.38019316369018,40.860081411812786,148.22257955419587,1.4822257955419587,1.0712864662165078,0.7131429532690662
2019-09-08_00:34:52_kookabura,3,5,90,10,900,2.375156105829552,0.04948241887144899,0.0488782316260178,0.01328526226905785,0.5800856215136186,0.04834046845946822,0.049743786763668266,0.008865450283127633,8670692.25982627,1806.3942207971397,793.3274167026337,2845.710406919091,96.79594442389951,0.9679594442389953,1.0775339152403518,0.2691724036074321,6416.862767389958,64.16862767389955,52.84221518304258,42.41591190583652,111.99538293958976,1.1199538293958975,0.9222706389914309,0.7402973179927107
2019-09-08_00:34:53_quelea,3,5,120,10,1200,2.482475130772185,0.05171823189108721,0.0531395843638366,0.017626541985983825,0.6237684249335262,0.051980702077793844,0.050386304212606155,0.017086909341579474,6566100.698330968,1367.9376454856151,597.6978950699245,2451.852011075738,86.49733242238779,0.8649733242238777,1.0597355913502278,0.41066077965641895,6063.846656795511,60.6384665679551,58.23097108892205,41.61705937829322,105.83408949713225,1.0583408949713222,1.0163221721353173,0.7263547111492011
2019-09-08_00:34:54_tarsier,3,5,240,10,2400,2.9822907771493323,0.06213105785727774,0.05854419402471345,0.02466380765168152,0.7684954919251025,0.06404129099375856,0.06494937822524545,0.027377503450574558,6591066.956210571,1373.1389492105318,767.2419133209964,2035.1610827108905,96.60422397018282,0.9660422397018281,1.009121153797036,0.19797954554042704,7442.4327803120395,74.42432780312039,65.54360110332718,37.70822233593721,129.8949563748009,1.2989495637480086,1.1439516428668473,0.6581326348361716
2019-09-08_00:34:54_lyrebird,3,7,30,21,630,4.053662321872412,0.08445129837234193,0.08383878423619609,0.037482942455375375,0.9616400333101197,0.08013666944250997,0.07132550949999217,0.03515720781992384,8406150.516407821,1751.281357584965,978.717914686772,2242.261732180858,102.18302028431484,1.0218302028431479,1.0298889607473352,0.048959679362228926,10225.882518282053,102.25882518282052,101.297470027043,38.752221810876755,178.47531886615093,1.7847531886615102,1.76797437591217,0.6763538630629587
2019-09-08_00:34:54_lapwing,3,7,60,21,1260,3.6755045423992385,0.07657301129998415,0.0764927083911269,0.03166942722541378,0.8218373858908403,0.0684864488242367,0.06401987561292169,0.01738762107947044,5480146.80899031,1141.6972518729822,606.1160662385314,1701.7657365248447,104.07472366779453,1.0407472366779456,1.114548443288691,0.22599417078019132,10303.244355119774,103.03244355119776,95.90407989081234,49.83948952975919,179.82553763435996,1.7982553763435993,1.6738419601903591,0.8698631898075387
2019-09-08_00:34:55_crane,3,7,90,21,1890,4.6863446760944365,0.09763218075196745,0.09198455528430927,0.027485426543790437,0.9867016012188831,0.08222513343490692,0.0813144581294859,0.012852840401171992,11462722.60311494,2388.067208982277,1328.6314467595412,3046.9299372510113,101.77851650886585,1.0177851650886585,1.013967362914681,0.037655421618096145,13891.40004710571,138.9140004710571,146.60009807145082,29.547367936986923,242.45066853368996,2.4245066853368997,2.5586543950934066,0.5156988557986258
2019-09-08_00:34:55_duck,3,7,120,21,2520,2.899496607170949,0.06040617931606144,0.05771291224682942,0.02045972246552947,0.698258329956918,0.058188194163076495,0.05813157541406774,0.016815701881391754,8321043.333479986,1733.5506944749989,1006.6674063917658,2204.2133221315526,99.96476836416475,0.9996476836416474,1.0621113704515912,0.15930064356169046,7828.141640608035,78.28141640608034,72.44349683713858,43.27345860503681,136.62684594108092,1.3662684594108088,1.2643775414661664,0.7552643313833651
2019-09-08_00:34:56_snail,3,7,240,21,5040,2.241292876209305,0.04669360158769387,0.04554403509660518,0.013552524615088168,0.5532559071784842,0.046104658931540345,0.04589802413224159,0.010507710131364874,6815273.538510513,1419.8486538563557,629.1143731112785,2814.874236792499,82.92010968941506,0.8292010968941504,0.9764013869840225,0.3734594216272604,5946.187486877102,59.46187486877103,51.601278065940086,41.41160935966797,103.78054958689258,1.0378054958689253,0.9006122004877861,0.7227689318759069
2019-09-08_00:34:56_fox,3,12,30,66,1980,3.55264406025305,0.07401341792193855,0.07124636960845432,0.026201691918394953,0.9078108559111615,0.07565090465926345,0.07599556976182771,0.023852233766359796,9277512.373810705,1932.8150778772372,1009.2004663934233,2333.046829317813,99.15262518371712,0.9915262518371712,0.93017159409159,0.09180112568754786,11699.852264482297,116.99852264482293,116.36806565006731,35.28234916979556,204.20094401213052,2.042009440121305,2.03100588977059,0.6157931608512204
2019-09-08_00:34:57_butterfly,3,12,60,66,3960,2.6302263933500845,0.05479638319479341,0.050319466236614416,0.02009402641443675,0.629004377175113,0.05241703143125942,0.053131170399062906,0.015385056817934784,7015169.624299832,1461.493671729129,825.1915293802468,2180.3546535432224,89.51938171894136,0.8951938171894136,0.989489265111051,0.30659603435653693,5927.708125369302,59.27708125369305,51.17553565403496,37.67922141875548,103.45802388491519,1.0345802388491518,0.8931815936346599,0.6576264733452524
2019-09-08_00:34:57_quail,3,12,90,66,5940,6237435465.460226,129946572.19708802,25144287.59962645,241891258.43949875,1559289016.473008,129940751.37275065,25149953.71307786,241878161.7406488,29845341.808964577,6217.779543534263,590.0246265294052,53149.2906212773,2674053822.3197775,26740538.223197773,29558940.183943003,8415458.149257872,12160.325732688778,121.60325732688774,120.01681595563957,32.89062802667459,212.23772215041103,2.12237722150411,2.094688596185975,0.5740497521141973
2019-09-08_00:34:58_anteater,3,12,120,66,7920,2.6206338131287024,0.05459653777351464,0.05491069346619733,0.012920690777473896,0.6567087221991347,0.05472572684992789,0.0544067994875567,0.012333005556770884,7504281.145814508,1563.3919053780198,767.3398570909915,2270.4375346140023,88.08822727781343,0.8808822727781345,0.9541446485938799,0.30191215362934654,7423.413946002509,74.23413946002508,64.93856330859695,50.653280447209646,129.56301509620835,1.2956301509620831,1.1333917412497994,0.8840665207398745
2019-09-08_00:34:59_badger,3,12,240,66,15840,2.277008161402632,0.0474376700292215,0.04774294805567601,0.01445306398379165,0.5567981180452577,0.04639984317043814,0.04777504069359728,0.012210326354013624,8434570.933167513,1757.202277743228,984.8813200863691,2542.287748361319,100.53294926509803,1.0053294926509797,1.042411364171862,0.13054826733394023,6662.962539602818,66.62962539602819,64.23910811076776,33.66371753798786,116.29063425311226,1.1629063425311224,1.1211839450774916,0.5875427094992474
2019-09-08_00:34:59_red-panda,4,3,30,3,90,7.316578601614717,0.15242872086697326,0.14739430844390483,0.061458385137955825,1.91407953620407,0.15950662801700585,0.15163870614389785,0.04766820074979026,12054424.197872635,2511.3383745568035,1357.1020905989521,3047.2361470114015,101.54226963312999,1.0154226963312996,1.0163256034221364,0.028949727081635308,13963.663955655813,139.63663955655815,151.51662775320654,33.51765464323984,243.71191166824946,2.4371191166824944,2.6444640258120726,0.5849934310709006
2019-09-08_00:34:59_frog,4,3,60,3,180,2375301087.138972,49485439.31539524,17457092.088365376,71267971.22338429,594100028.650823,49508335.720901914,17502550.031099338,71257272.0364836,32774136.664803006,6827.94513850062,1757.7494332190704,24890.94990666658,760332973.042398,7603329.730423979,7055804.153285153,4374850.582323944,11775.926717908564,117.75926717908558,121.75249815342927,39.76620224522558,205.52869370107385,2.0552869370107385,2.1249819653056568,0.694051160193148
2019-09-08_00:35:00_pony,4,3,90,3,270,5.848539599742528,0.12184457499463601,0.12639632360573488,0.04654581214445355,1.1933183077856995,0.09944319231547498,0.08543028696245233,0.03892757985044496,5561974.381995286,1158.7446629156843,382.8873423697958,2027.0870868095801,86.83538711081191,0.8683538711081192,0.9189546118965368,0.537147340567223,13396.59158233168,133.96591582331683,137.7830143245755,23.86825556084011,233.81463165664474,2.3381463165664482,2.4047672532863533,0.4165796462441056
2019-09-08_00:35:00_squirrel,4,3,120,3,360,5.4681641138742165,0.11392008570571284,0.09901469948987426,0.06154113272684153,1.2684248366240993,0.10570206971867495,0.08597707523032153,0.053962076771079746,10905546.192519901,2271.988790108313,1178.8608390577435,2892.3527321221077,99.98031733196034,0.9998031733196036,0.982717625265189,0.05164551172527198,14087.389007879472,140.8738900787947,145.89968593292767,30.839944230688406,245.87132119675417,2.4587132119675412,2.5464298971552424,0.5382585679569428
2019-09-08_00:35:01_baboon,4,3,240,3,720,2.7553953794196846,0.05740407040457677,0.0557162393993437,0.019064716743705003,0.6845673161743484,0.057047276347862365,0.055491507969632564,0.019741107623099007,9148467.709382875,1905.9307727880962,953.3188203585746,2578.93871842564,98.66437550470239,0.9866437550470235,0.9430882221308675,0.13195793463379524,8837.260097999695,88.37260097999695,86.02257663122727,43.437298625501406,154.23928556521142,1.5423928556521138,1.5013771932640476,0.758123879187007
2019-09-08_00:35:01_ibex,4,5,30,10,300,7.598808080941994,0.15830850168629154,0.13744589546043615,0.1219054390837488,1.8284646915550473,0.15237205762958728,0.15094855930773415,0.11264274498975145,12155262.177140715,2532.346286904312,1537.200137366948,2810.838667635868,101.72750533336547,1.0172750533336552,1.0254196370131237,0.0349268785960342,12697.165813616799,126.97165813616795,133.92460148264422,34.41457832827934,221.60734911927779,2.2160734911927773,2.3374252452934208,0.6006477025139604
2019-09-08_00:35:02_narwhal,4,5,60,10,600,3.721538565376904,0.07753205344535215,0.07384074452665104,0.02936789111455309,0.8408510094944139,0.07007091745786782,0.0669553318949434,0.01566773553732737,10082097.080706017,2100.436891813754,1012.8857652509801,3132.875538527814,99.8577449823613,0.9985774498236129,1.0128769380392146,0.120335628066063,10529.516674004994,105.29516674004994,115.97686073481572,49.517049509890064,183.77473460502964,1.8377473460502955,2.0241780759494645,0.8642355498206261
2019-09-08_00:35:02_newt,4,5,90,10,900,3.181125523294611,0.06627344840197107,0.061369223639099274,0.027288805140378042,0.7654124965186851,0.06378437470989043,0.055912659158610434,0.02475726136461442,9790673.979981447,2039.7237458294676,1132.717843706692,2718.0415949349003,98.48954540899095,0.9848954540899091,0.940034469736533,0.0696763914694389,11552.056545654586,115.52056545654588,122.26941809833149,46.45035685180457,201.6214220982352,2.016214220982353,2.134003920313429,0.8107116657902993
2019-09-08_00:35:03_gaur,4,5,120,10,1200,2.8320753134680214,0.05900156903058376,0.058058536908996164,0.022391099856315218,0.7284790282363456,0.060706585686362134,0.05996728940149927,0.021989546882548575,9614407.341671374,2003.0015295148671,1030.7675548772957,2613.4682102649895,104.68057665109923,1.0468057665109922,1.065169461414162,0.10397881136326129,9063.234504559234,90.63234504559229,80.58494399429142,47.6753287256781,158.18328298491542,1.5818328298491553,1.4064726002356158,0.8320914582337152
2019-09-08_00:35:03_chimpanzee,4,5,240,10,2400,3.2905791537344844,0.06855373236946843,0.06310363747265241,0.026263162427488055,0.7655637835253885,0.06379698196044904,0.06966541675554722,0.025850729551026217,7042313.32140819,1467.148608626706,855.1314414919301,1987.1801516483083,96.72624715808692,0.9672624715808695,1.0086755349250536,0.20202716647120417,7861.166660452705,78.61166660452706,70.39312979496312,39.577754420308715,137.20324127290687,1.3720324127290686,1.2285918857058271,0.6907621251801269
2019-09-08_00:35:04_quetzal,4,7,30,21,630,5.704811760675516,0.11885024501407326,0.11516832800326918,0.05474930333747539,1.2529874897333433,0.10441562414444527,0.09756351649987688,0.045451279258122396,8745903.872742077,1822.0633068212696,987.145736122126,2275.64269055823,101.64516090332486,1.016451609033248,1.0224425770450334,0.03679008443888261,11578.565538529336,115.78565538529335,117.2817839397198,24.561149804980417,202.08409130528725,2.0208409130528726,2.0469532823607173,0.42867293217247143
2019-09-08_00:35:04_prairie-dog,4,7,60,21,1260,6.528031907528512,0.13600066474017738,0.13699938908096493,0.0429344657173703,1.3902968047050313,0.11585806705875261,0.1167953392410796,0.037749601697575796,7585307.843876038,1580.272467474168,931.2158182820069,1858.6352392339384,98.46929896794228,0.984692989679423,0.9914805658298287,0.0888013396037713,12998.31596854749,129.98315968547485,133.34333352966567,33.09544018958987,226.86341086570934,2.268634108657093,2.327280205677618,0.5776243987052001
2019-09-08_00:35:04_octopus,4,7,90,21,1890,3.3679217030621165,0.07016503548046077,0.06590855429831385,0.032237614600413675,0.8364811839174642,0.06970676532645535,0.06335868775555203,0.03312161411921555,9757851.918124177,2032.8858162758709,1024.2604557326247,2695.8995875648166,98.36792081949368,0.9836792081949369,0.9658451696450976,0.04922159981980543,10752.235485475609,107.5223548547561,102.1071733110841,49.989001683175026,187.66191117132038,1.8766191117132045,1.7821063641828976,0.8724726691563927
2019-09-08_00:35:05_newt,4,7,120,21,2520,2.770359885179936,0.05771583094124868,0.05610171892509269,0.01874585772915377,0.6701162902482758,0.055843024187356316,0.05742696076581259,0.011677785000389705,6171949.2601434635,1285.822762529885,753.0885034282226,1764.5504842364176,90.54934708073169,0.9054934708073168,0.9396830493700754,0.2972443481328649,7622.7529866647155,76.22752986664716,74.7565719955584,41.188846348093456,133.0421376835307,1.3304213768353068,1.3047483188266815,0.7188809838722734
2019-09-08_00:35:06_koala,4,7,240,21,5040,12990456.201949947,270634.50420729053,237591.12593799195,271345.6988900022,3247613.111410613,270634.4259508844,237591.10172238667,271345.71923064755,186934.74178059844,38.94473787095796,36.737558399037994,17.70934578274591,208015719.75658184,2080157.1975658191,1649781.5896189178,2199876.452441885,11376.753504588058,113.76753504588063,113.09752747594405,30.225674452578343,198.56180684286554,1.9856180684286553,1.9739242303199753,0.5275375378334267
2019-09-08_00:35:06_moose,4,12,30,66,1980,2.69219281244163,0.05608735025920061,0.05743101220146153,0.017775333578825093,0.6943346092719122,0.05786121743932601,0.05438889951744767,0.01618483786200799,6849369.914176748,1426.9520654534917,641.4542786999534,2299.855795698167,89.13439069982513,0.8913439069982507,0.9974585761114486,0.3698820227167111,7961.227039435286,79.61227039435285,61.39936149266231,57.35704185910104,138.94962433694613,1.3894962433694618,1.0716210166691773,1.0010692296455233
2019-09-08_00:35:06_scorpion,4,12,60,66,3960,34.08102829642479,0.7100214228421832,0.6818523452311627,0.18525724850683853,8.942603723755743,0.7452169769796452,0.7212441544156686,0.18955585378688505,144182.29938946082,30.03797903947095,29.285126678776564,13.594533041262626,1307.417208669575,13.074172086695748,0.8507483195137842,103.51721795350429,12625.043965606967,126.25043965606966,134.56432285645184,41.40905996641967,220.3485854088833,2.203485854088833,2.3485904895617455,0.722724436569796
2019-09-08_00:35:07_elk,4,12,90,66,5940,1593813539.1679113,33204448.73266482,2225653.5392969544,69538126.51127009,398455274.4814746,33204606.20678955,2225761.2958049853,69538083.47003724,15345594.796620667,3196.998915962637,40.983752901062516,30021.73799419238,62857415.308110684,628574.1530811067,269153.9004308407,875180.9560458501,13524.929189708664,135.24929189708666,143.893199928414,34.99303854821052,236.05454545950505,2.3605454545950497,2.511410109981292,0.6107437379435702
2019-09-08_00:35:08_pig,4,12,120,66,7920,3.136592398409708,0.0653456749668689,0.0630784491951933,0.02060843617607753,0.8310816750680267,0.06925680625566889,0.0694255995789726,0.022965714849035847,7075065.533931202,1473.9719862356724,930.2253463211476,1669.9924110671984,100.87702904001071,1.0087702904001075,1.008399423412171,0.06394495332955481,8752.895407567,87.52895407566999,77.45394792370988,45.948896220778906,152.76684394473514,1.5276684394473514,1.351826409936963,0.8019595267097713
2019-09-08_00:35:08_dugong,4,12,240,66,15840,2.3798925143100886,0.04958109404812685,0.04677778492806836,0.015674788164022208,0.5928201087255306,0.04940167572712755,0.04882322195554526,0.012581445352024503,6065749.047388315,1263.6977182058986,667.2209184012977,1811.6418976992577,89.43871288921363,0.894387128892136,0.9850072707336004,0.3330161597701549,6938.95447401544,69.38954474015442,60.621783701882144,47.9707412335451,121.10760221756074,1.2110760221756076,1.0580497240296798,0.8372473791475683
2019-09-08_00:35:09_kingfisher,5,3,30,3,90,5.561324200628045,0.1158609208464176,0.11458668514800574,0.05759292413609781,1.1147138187495893,0.09289281822913244,0.09478200994498011,0.037960206047576904,1879280.4518136466,391.5167607945091,85.4452867494787,839.4170422544239,135.0875256447152,1.3508752564471518,1.0219948383287563,0.9031589496129817,12750.702206076126,127.50702206076129,143.14031667474137,46.47862417175178,222.54173543733307,2.2254173543733304,2.498269818321578,0.8112050235940917
2019-09-08_00:35:09_flamingo,5,3,60,3,180,6.097072990718058,0.12702235397329287,0.12229576074547738,0.05401853457026291,1.2771125912644603,0.10642604927203836,0.1086491316924455,0.04051538472576632,11198378.337860106,2332.9954870541974,1208.6785228339086,3034.803499911558,100.35594304637787,1.003559430463779,1.0002944533401799,0.029757591210196062,11607.835737739155,116.07835737739158,118.49490124091417,31.731661338174103,202.59495265421336,2.0259495265421332,2.0681261734794667,0.5538219674789282
2019-09-08_00:35:10_buffalo,5,3,90,3,270,570837.1265636743,11892.440136743215,5783.446939186817,15049.289541421032,144937.91373162606,12078.159477635505,5997.540042532861,14965.685275683543,196894.8805094493,41.01976677280187,39.3899092349896,18.395469049466953,38627335430.95106,386273354.3095104,45777.531589193764,3278166124.8585763,13800.338019084686,138.00338019084683,148.42665584903605,34.78333642030456,240.86133632117992,2.4086133632117983,2.590533842290179,0.6070837453631729
2019-09-08_00:35:10_mandrill,5,3,120,3,360,5.280468859211784,0.11000976790024553,0.0977467044370557,0.048927059180688515,1.1655637422633176,0.09713031185527647,0.0857618394061945,0.04060970133450454,8819679.593401201,1837.4332486252463,1022.8669832181116,2422.1362240123444,101.88328959621496,1.0188328959621498,1.053244595762608,0.06842539304740601,12690.519881944967,126.90519881944967,130.40145163168597,35.40746853850773,221.49135572974174,2.2149135572974177,2.2759346803530516,0.6179769057932645
2019-09-08_00:35:11_curlew,5,3,240,3,720,3.01712227175973,0.06285671399499439,0.05880857058822658,0.021386413354642444,0.769353742545701,0.06411281187880842,0.064827457740859,0.018617513105671172,8613966.769167824,1794.5764102432959,1119.0448398323388,2004.596044683488,101.0124214576906,1.0101242145769065,1.0479139047454666,0.1109424465455311,10249.888187678735,102.49888187678737,98.74642545849846,39.93127643160428,178.89429683626838,1.788942968362684,1.7234502488259493,0.6969322482555073
2019-09-08_00:35:11_raccoon,5,5,30,10,300,5.044766365334082,0.10509929927779336,0.08705017072216732,0.04917063100361956,1.254333809839729,0.10452781748664408,0.0880871137185715,0.046952734039432904,7335074.155236216,1528.140449007547,717.6069496121711,2395.4541240539984,107.30464911058276,1.0730464911058273,0.9483286798792673,0.4634920646850252,12386.408862476708,123.86408862476706,136.33474246721613,42.11509881856975,216.18361714842408,2.1618361714842407,2.379490140911459,0.7350471391868162
2019-09-08_00:35:12_hamster,5,5,60,10,600,6.268341288263703,0.13059044350549384,0.12412855501822276,0.047377414145165206,1.607058788742856,0.13392156572857136,0.12321973390670393,0.045429489851933534,8024013.291128324,1671.6694356517394,932.5985312244823,2311.7411385058863,112.20843546321004,1.1220843546321007,1.0625674980442466,0.3888032640233124,12822.203365351466,128.22203365351461,137.53454429427939,38.162317819790694,223.7896660856804,2.2378966608568036,2.400430633165156,0.6660580961478517
2019-09-08_00:35:12_elephant,5,5,90,10,900,44004.753175650934,916.7656911593946,216.43433615770329,1618.6209573178282,11017.543519818912,918.1286266515759,217.52123755456557,1618.001985925919,195586.64205713672,40.74721709523682,38.874290029554274,17.87950710342525,5521017738.033028,55210177.38033025,6547.928142565967,507496006.6562638,13916.638292486898,139.16638292486894,144.54351810188314,33.1785046530528,242.8911590130179,2.428911590130179,2.5227603032938855,0.5790741470840304
2019-09-08_00:35:13_badger,5,5,120,10,1200,6.821960384797718,0.14212417468328584,0.10091441015399064,0.12421297819801091,1.6567457446340605,0.1380621453861717,0.10292097169793518,0.0991914582792315,14913576.072622497,3106.9950151296816,1575.074723716707,3999.5207448714223,100.20843987672744,1.002084398767274,0.9931318274562908,0.03320001321930324,12805.48299145256,128.05482991452564,144.7485692386427,43.91219828386468,223.4978405089801,2.2349784050898007,2.5263391207652965,0.7664124418420424
2019-09-08_00:35:13_crocodile,5,5,240,10,2400,2.9023475385707855,0.0604655737202247,0.059438241379404344,0.017252915065751412,0.7085311746861317,0.05904426455717765,0.06304538011581906,0.011858866530251496,8326623.52704605,1734.7132348012628,968.3050456562898,2155.9914102186813,103.98507630686426,1.0398507630686427,1.0335980853406581,0.13886578030002575,9457.608532641112,94.57608532641115,84.63411434524393,47.687746281920774,165.06640825929694,1.65066408259297,1.4771439548338714,0.8323081854752016
2019-09-08_00:35:14_hawk,5,7,30,21,630,5.488265872903217,0.11433887235215041,0.12320635908124203,0.050498652153235776,1.3358415956941876,0.11132013297451564,0.12031681889337313,0.052675745723466616,10440966.997888798,2175.201457893501,1245.3858795410245,2650.079018276141,100.77464815786567,1.0077464815786568,1.0104050273651142,0.023051658808661495,10657.754300323337,106.57754300323333,111.29488610143814,40.642230469759696,186.01290340922668,1.8601290340922672,1.9424622031021714,0.7093407370516682
2019-09-08_00:35:14_anteater,5,7,60,21,1260,2.9687583968459856,0.0618491332676247,0.060167617480808816,0.03028258826742488,0.7051805083920359,0.058765042366002974,0.05506663746839968,0.026749308940169136,10473499.862770716,2181.979138077228,970.3241911747491,3357.176689346559,98.4092086234401,0.9840920862344008,1.0574752945995376,0.25239701100183753,9297.117477873133,92.97117477873135,86.75884969291155,47.61229340646309,162.26531093359728,1.6226531093359728,1.5142275823841778,0.8309912843683677
2019-09-08_00:35:14_goshawk,5,7,90,21,1890,4.282447224952058,0.08921765051983455,0.08531825843392157,0.03443564160700703,0.9247656159121233,0.07706380132601028,0.07358213385348308,0.022631101380759352,11071373.96249409,2306.5362421862696,1277.2161271951759,3179.683812773252,101.47877054974111,1.0147877054974113,1.014992617693558,0.048016299104550235,12984.593027930287,129.84593027930282,141.1990275301925,37.89221957348531,226.62390036888337,2.2662390036888342,2.4643879310159766,0.6613439924459605
2019-09-08_00:35:15_guinea-fowl,5,7,120,21,2520,4.585051267489418,0.09552190140602956,0.09346682369511455,0.020038139265220987,0.9002315212564428,0.0750192934380369,0.0771049388873353,0.01951462264836093,6840366.425390401,1425.0763386230003,753.2888350019703,1858.4282974244006,113.31927622628614,1.1331927622628613,1.0978001226207184,0.25771811763282876,14724.560985160142,147.24560985160136,159.6390928340108,31.786363784540928,256.99207010174456,2.5699207010174443,2.786227784850375,0.5547767052769266
2019-09-08_00:35:16_barracuda,5,7,240,21,5040,4.5766897072909165,0.09534770223522741,0.10268613622084857,0.04016360494948287,0.9360251503089463,0.07800209585907886,0.07084740470331272,0.02293664627802076,10262019.746261578,2137.9207804711536,1212.159995013239,2565.8652667669376,102.50058409944752,1.0250058409944751,1.033808755365425,0.0492632785833052,13488.511291476543,134.88511291476547,142.1926821392164,31.79868033459979,235.41893322869836,2.354189332286983,2.4817304755710605,0.5549916696279388
2019-09-08_00:35:16_red-deer,5,12,30,66,1980,5.343201056162938,0.11131668867006117,0.10788866877106425,0.02519229754122353,1.1132180752406533,0.09276817293672111,0.0910481346680406,0.032645728054973844,9008647.82092688,1876.8016293597702,1136.308815885348,2162.5575577153104,101.96852929929105,1.019685292992911,1.0191832991663725,0.03164641695530331,14307.078562542198,143.07078562542193,149.68889107786487,30.017545707461387,249.70562725785888,2.497056272578588,2.612564002967906,0.5239050059630922
2019-09-08_00:35:17_elk,5,12,60,66,3960,3.6660920885171313,0.07637691851077356,0.07379640631899757,0.030122113949119022,0.9810805204531983,0.08175671003776652,0.07771111236896872,0.031787048216132,6185570.956322829,1288.660615900587,707.1955484790576,1818.5596670350678,104.2465688089364,1.042465688089364,1.0050313007647245,0.48598833247068574,11595.032919967865,115.95032919967872,123.10084687346952,50.765905557170846,202.37150133057156,2.023715013305716,2.148515089935411,0.8860321997291182
2019-09-08_00:35:17_wombat,5,12,90,66,5940,3.051744251938,0.06357800524870832,0.06100830077292576,0.02275536895083762,0.7473741148043878,0.06228117623369898,0.062085883239173946,0.02011476764708354,6631385.749196632,1381.5386977493001,748.3230849824224,1936.8228096253447,98.65239324766225,0.9865239324766221,1.0470534821559787,0.31721834826929507,9349.20700125906,93.49207001259057,97.03096318501929,48.595519517131926,163.1744446224761,1.631744446224762,1.6935097839599902,0.8481518172911174
2019-09-08_00:35:18_hare,5,12,120,66,7920,3.045492791549279,0.06344776649060997,0.0643896685209377,0.02139242304199449,0.7059851767406785,0.0588320980617232,0.05811776869273218,0.013350299011854359,5658965.6910949,1178.95118564477,531.4649819231117,1983.3169548379192,95.21890342042298,0.9521890342042296,1.0127573667581078,0.41077389860771796,9084.736727649242,90.84736727649242,83.37165826223772,50.2847747875922,158.55856757433455,1.5855856757433457,1.4551099395235823,0.8776348836673161
2019-09-08_00:35:19_hornet,5,12,240,66,15840,2.6819680533232964,0.05587433444423534,0.05443377914598997,0.015172770255532743,0.6698033893133609,0.05581694910944674,0.05767774877450717,0.00990160853720303,7273245.278465919,1515.2594330137308,975.7848478412625,1777.2259641969038,98.17351038681288,0.9817351038681288,0.9939794178680377,0.1483368707861106,8471.454831476762,84.71454831476761,82.53102172010878,38.76342001768413,147.85477924325082,1.4785477924325086,1.440438064050852,0.6765493086420667
